编号,名称,描述,介绍,特性,属性,总种族值,生命,物攻,魔攻,物防,魔防,速度,阶段,进化等级,进化方式,身高,体重,蛋组,性别比例,进化链,有地区形态,有首领形态,有异色形态
1,迪莫,永远的伙伴,这是关于勇气的故事，他很脆弱却也不曾退缩；这是关于梦想的故事，梦很简单却也执着。这就是我，迪莫。,最好的伙伴-造成克制伤害后，获得攻防速+20%，并回复2能量。,光,582,120,80,80,105,105,92,1,0,,0.54-0.78,5.5-7.0,,雄性 50% / 雌性 50%,迪莫进化链,否,是,否
2,喵喵,草元素精灵,喜欢阳光，喜欢新鲜的空气，会摇晃尾巴，受到惊吓会快速逃跑。虽然很胆小，但有时候也很调皮。,氧循环-使用草系技能后，回复10%生命。,草,370,65,66,66,49,91,33,1,0,,0.53-0.75,3.62-4.6,动物组-拟人组,雄性 50% / 雌性 50%,喵喵进化链,否,是,否
3,喵呜,草元素精灵,爱在泉水边嬉戏，是喵喵的进化型，芭蕉叶状的尾巴变成了两条。胆量变大了，会经常吐舌头挑衅对手。,氧循环-使用草系技能后，回复10%生命。,草,490,86,87,87,65,121,44,2,16,,0.65-0.92,14.2-15.6,动物组-拟人组,雄性 50% / 雌性 50%,喵喵进化链,否,是,否
4,魔力猫,草之灵,普遍性情温和，体型巨大，据说深吸一口气能呼出将洛克都吹走的狂风，但通常情况下举止动作十分轻柔。“长了三条锋利的尾巴，经常会用身体冲撞碾压对手”。,氧循环-使用草系技能后，回复10%生命。,草,613,108,109,109,81,151,55,3,32,,1.5-2.15,105.0-125.0,动物组-拟人组,雄性 50% / 雌性 50%,喵喵进化链,否,是,否
5,火花,火元素精灵,像一团迸发的小火花，坦诚炙热，生性勇敢无畏。能熟练运用火元素，偶尔有点冒失，是值得信赖的伙伴。,助燃-使用火系技能后，获得双攻+20%。,火,368,70,84,37,56,43,78,1,0,,0.53-0.71,7.6-8.5,魔力组-巨灵组,雄性 80% / 雌性 20%,火花进化链,否,是,否
6,焰火,火元素精灵,长出了一对大翅膀，但似乎并不是用来飞行的。能用双手释放出更加强力的火焰，但不太熟练。,助燃-使用火系技能后，获得双攻+20%。,火,490,93,111,49,75,58,104,2,16,,0.82-1.1,21.0-30.7,魔力组-巨灵组,雄性 80% / 雌性 20%,火花进化链,否,是,否
7,火神,火之灵,强大的火焰之灵，只是靠近它就能够感受到温度的急剧变化。如果没有脖子上的项圈，它的火焰可能会暴走。“在磨练中成长，在烈火中重生，用意志在战斗，用生命在燃烧，永远的火神”。,助燃-使用火系技能后，获得双攻+20%。,火,613,117,139,61,94,72,130,3,36,,1.52-2.18,90.5-110.0,魔力组-巨灵组,雄性 80% / 雌性 20%,火花进化链,否,是,否
8,水蓝蓝,水元素精灵,漂浮在水面上的精灵，没事吐个泡泡，头顶有一个红色的蝴蝶结。不在水中的时候，身体上也覆盖了一层液体薄膜。,浸润-使用水系技能后，全技能能耗-1。,水,372,75,35,76,56,79,51,1,0,,0.45-0.65,2.85-4.21,魔力组,雌性 100%,水蓝蓝进化链,否,是,否
9,波波拉,水元素精灵,在水中自如地游动，头上的触角可以感受水中的变化，总是带着一颗球一样的东西。身旁环绕着特殊的水元素，水元素凝结体中蕴含魔法能量的波动。,浸润-使用水系技能后，全技能能耗-1。,水,497,100,46,102,75,106,68,2,16,,0.72-1.03,29.5-34.0,魔力组,雌性 100%,水蓝蓝进化链,否,是,否
10,水灵,水之灵,将刚刚孕育的胚胎顶在头上，胚胎由特殊水元素包裹着。能将身边的水元素汇集在一起喷射出去，产生强大的冲击力。“无论是云中落下的一滴水，还是湖面中微风吹起的一道涟漪，都有她的身影”。,浸润-使用水系技能后，全技能能耗-1。,水,621,125,58,127,94,132,85,3,36,,1.08-1.54,77.0-85.5,魔力组,雌性 100%,水蓝蓝进化链,否,是,否
11,鸭吉吉,鸭仔精灵,拥有蓬松的被毛，非常柔软。似乎很讨厌肢体接触，抗拒被抚摸。非常聪慧的物种，对环境中与众不同的东西十分敏感，尤其对于闪光的物体和新奇的事物格外感兴趣。,挺起胸脯-携带的能耗为1的技能，威力+50%。,普通,471,136,95,35,55,45,105,1,0,,0.65-0.94,14.6-17.6,天空组,雄性 50% / 雌性 50%,鸭吉吉进化链,是,是,否
12,板板壳,硬壳精灵,平时看似懒懒的，感到危险时，柔软的身体会迅速缩回壳里。柔韧的尾巴看起来像海草，偶尔会被饥饿的水生精灵咬一口。,缩壳-携带的防御技能能耗-2。,水,357,67,28,72,64,81,45,1,0,,0.53-0.76,7.5-10.5,两栖组,雄性 50% / 雌性 50%,板板壳进化链,是,否,否
13,咔咔壳,硬壳精灵,很少再缩进壳里，即使遇到危险也会勇敢面对。甲壳内一部分是空气，一部分是水，通过喷嘴来调节重量从而在水中下潜和上浮。,缩壳-携带的防御技能能耗-2。,水,475,90,37,96,85,107,60,2,16,,0.65-0.92,19.5-24.5,两栖组,雄性 50% / 雌性 50%,板板壳进化链,是,否,否
14,水泡壳,硬壳精灵,进化之后体重增长到原来的数倍，前肢的力量也变得十分发达。前面有坚硬的尖角，背后有甲壳和水炮的泵口，是像堡垒一样可靠的存在。,缩壳-携带的防御技能能耗-2。,水,594,112,46,120,107,134,75,3,36,,1.23-1.75,83.5-94.5,两栖组,雄性 50% / 雌性 50%,板板壳进化链,是,否,否
15,锥尾羊,羊精灵,白色的毛十分蓬松，脚掌柔软，移动时悄无声息，因此很擅长藏身草原与坡地。它性格安静，同类之间常用轻轻顶犄角的方式交流。,碰瓷-自己使用恶系技能后，敌方失去2能量。,幽,349,67,66,29,72,49,66,1,0,,0.57-0.81,13.3-16.5,动物组,雄性 50% / 雌性 50%,锥尾羊进化链,否,否,否
16,铃兰羊,羊精灵,白天会懒洋洋地趴在草原上休息，主要在早晨和黄昏行动，一般会脱离种群独自生活。跳跃力惊人，在山坡上如履平地，从100米的高度一跃而下也没事。,碰瓷-自己使用恶系技能后，敌方失去2能量。,幽,466,89,89,39,96,65,88,2,20,,0.7-1.01,29.0-36.0,动物组,雄性 50% / 雌性 50%,锥尾羊进化链,否,否,否
17,花影羚羊,羊精灵,进化后，分叉的角更为锋利，中间盛开一朵蓝色花朵，花瓣能体现它们的身体状态，疲劳时，花瓣会略微下垂。花朵在夜晚能发出怪异的微光，能够迷惑对手。,碰瓷-自己使用恶系技能后，敌方失去2能量。,幽-恶,582,112,111,48,120,81,110,3,32,,1.42-1.92,76.9-98.0,动物组,雄性 50% / 雌性 50%,锥尾羊进化链,否,否,否
18,雪绒鸟,鸟仔精灵,冬天诞生的小鸟精灵，常把身体缩成球状减少散热。喜欢用幼嫩的喙啄刚落地的新雪，既是食用也是玩耍。,顺风-若先于敌方攻击，本次技能威力+50%。,翼,342,54,77,33,65,44,69,1,0,,0.38-0.51,2.77-4.5,天空组,雄性 50% / 雌性 50%,冬羽雀进化链,是,是,否
19,冬羽雀,鸟仔精灵,体型又小又圆，眼睛周围生长着一层柔软绒毛。羽绒非常厚，为了抵御寒冷的冬夜，常与同伴挤在一起栖息。,顺风-若先于敌方攻击，本次技能威力+50%。,翼,456,72,103,44,86,59,92,2,5,,0.62-0.71,8.92-12.7,天空组,雄性 50% / 雌性 50%,冬羽雀进化链,是,是,否
20,岚鸟,长羽精灵,眼神锐利，有着绅士般冷静而又端庄的非凡气质，让它在贵族当中颇有人气。胸腹绒羽形成稳定的隔热层，能在强风中维持体温，拥有较强的耐力。,顺风-若先于敌方攻击，本次技能威力+50%。,翼,570,90,128,55,108,74,115,3,30,,1.43-2.04,27.08-32.7,天空组,雄性 50% / 雌性 50%,冬羽雀进化链,是,是,否
21,小灵菇,菇精灵,可能在任何潮湿的阴冷角落出现，看到蓝色荧光不要贸然接近。吸食其他生物的情绪作为养分，吃饱后会发出轻轻的叹气声。,毒蘑菇-回合结束时，偷取敌方场上所有精灵1能量。,幽,374,67,59,59,62,82,45,1,0,,0.43-0.61,5.4-7.1,植物组-魔力组,雄性 50% / 雌性 50%,小灵菇进化链,否,否,否
22,幻灵菇,菇精灵,头顶的触角比隐藏在伞盖下的面目更能够表达出心情，悄无声息地飘来飘去，通常出现在后半夜。在森林深处大量聚集，散发着淡淡荧光，会吸收周围植物和小型动物的情绪。,毒蘑菇-回合结束时，偷取敌方场上所有精灵1能量。,幽-草,499,89,79,79,83,109,60,2,20,,0.64-0.92,13.2-16.5,植物组-魔力组,雄性 50% / 雌性 50%,小灵菇进化链,否,否,否
23,幻影灵菇,菇精灵,仅仅看到它触角上闪烁的荧光就会头痛难耐，对其研究很难有进展。没有生命迹象但是可以自如活动，无法判定是植物还是动物，唯独颈间圆环中似乎蕴含强大生命力。,毒蘑菇-回合结束时，偷取敌方场上所有精灵1能量。,幽-草,621,111,98,98,103,136,75,3,32,,0.92-1.32,39.4-48.4,植物组-魔力组,雄性 50% / 雌性 50%,小灵菇进化链,否,否,否
24,石肤蜥,蜥蜴精灵,常在半山腰处被发现，独立生活，会收集细小的石头筑巢。背上的石头是体内生长出来的一种分泌物，喜欢钻到石头堆里蹭背，可以把背上的石头打磨得更锋利。,刺肤-每受到1次攻击伤害，对攻击自己的精灵造成50威力物理伤害。,地,369,69,61,60,72,50,57,1,0,,0.49-0.7,21.0-34.0,两栖组-大地组,雄性 50% / 雌性 50%,石肤蜥进化链,是,否,否
25,石刺蜥,蜥蜴精灵,背上的石头似乎会与身上的棘刺融为一体，成为自己的武器。石头会周期性脱落，脱落下来的石头苍白易碎，捏一下就会粉碎成细砂状。,刺肤-每受到1次攻击伤害，对攻击自己的精灵造成50威力物理伤害。,地,492,92,81,80,96,67,76,2,32,,0.67-0.96,59.5-70.5,两栖组-大地组,雄性 50% / 雌性 50%,石肤蜥进化链,是,否,否
26,石冠王蜥,蜥蜴精灵,普遍性情暴躁，攻击性强，会发射岩石来划清自己的地盘。它背上石头与身体融合的原理至今仍是研究协会重要的研究课题。,刺肤-每受到1次攻击伤害，对攻击自己的精灵造成50威力物理伤害。,地,615,115,101,100,120,84,95,3,48,,0.94-1.18,78.5-98.5,两栖组-大地组,雄性 50% / 雌性 50%,石肤蜥进化链,是,否,否
27,布是石,石头精灵,如果感觉岩石的缝隙中有目光注视着你，那很可能就是布是石。身体非常坚硬，喜欢成群结队地从斜坡上滚下来，也许只有它们能感受这种快乐吧。,地脉-初始能量为0，入场前己方精灵每放1次地系技能，回复3能量。,地,409,72,81,29,95,90,42,1,0,,0.42-0.6,18.5-32.5,大地组-巨灵组,雄性 50% / 雌性 50%,布是石进化链,否,是,否
28,布是岩,石头精灵,脑袋部分的坚硬度接近基岩，普通的岩石对它来说就像泥土一样柔软。它的头好像完全感觉不到疼，受到击打很久之后才能明白刚才发生了什么。,地脉-初始能量为0，入场前己方精灵每放1次地系技能，回复3能量。,地,546,96,108,39,127,120,56,2,16,,0.93-1.34,97.5-115.0,大地组-巨灵组,雄性 50% / 雌性 50%,布是石进化链,否,是,否
29,布克棱岩,石头精灵,颇具威慑力的精灵，身形巨大，不经常远离驻地。看上去很重，但其实身体的主要重量都集中在头和手上的岩石部分。,地脉-初始能量为0，入场前己方精灵每放1次地系技能，回复3能量。,地,683,120,135,49,159,150,70,3,32,,1.75-2.5,287.0-315.0,大地组-巨灵组,雄性 50% / 雌性 50%,布是石进化链,否,是,否
30,恶魔叮,捣蛋鬼精灵,身体里似乎装满了坏心思，很轻松就能从试图抓住它的洛克手中挣脱。会三五成群地从洛克手上抢走东西，把东西丢下之后嘻嘻哈哈地飞走。如果惹怒它们的话，会气呼呼地撞向洛克。,渴求-入场时获得50%吸血。,恶-翼,452,90,100,42,80,56,84,1,0,,0.39-0.56,3.6-5.2,妖精组,雄性 50% / 雌性 50%,恶魔叮进化链,否,是,是
31,叮叮恶魔,恶作剧精灵,一直在思考如何恶作剧，还会每天进行吓人的练习。总是歪嘴笑着，一副玩世不恭的样子，其实非常害怕失去别人的注意力。非常重视诺言，会坚定地完成自己的约定。,渴求-入场时获得50%吸血。,恶-翼,576,117,125,53,103,73,105,2,40,,0.78-1.12,25.0-34.0,妖精组,雄性 50% / 雌性 50%,恶魔叮进化链,否,是,是
32,毛毛,虫仔精灵,喜欢藏在地下，靠形似耳朵的触角感知周围环境。几乎观察不到它们进食行为，吃很少的东西就能存活很久。,化茧-受到致命伤害时，获得1层萌化，并免疫此次伤害。（最多触发2次）,虫-萌,228,32,28,28,40,40,60,1,0,,0.31-0.45,3.0-4.5,昆虫组-软体组,雄性 50% / 雌性 50%,毛毛进化链,是,否,否
33,爬爬,虫仔精灵,外壳硬化，缩腹在各种物体的表面爬行。背面艳丽的斑点看似有毒，实际上是鳞翅根。,化茧-受到致命伤害时，获得1层萌化，并免疫此次伤害。（最多触发2次）,虫-萌,302,42,37,37,53,53,80,2,20,,0.35-0.51,5.5-8.4,昆虫组-软体组,雄性 50% / 雌性 50%,毛毛进化链,是,否,否
34,化蝶,蝶精灵,极其聪慧的种族，大脑占去整个身体的三分之二。翅膀有力，充满魔力的鳞粉形成了翅膀上的花纹，用以迷惑其他精灵。,化茧-受到致命伤害时，获得1层萌化，并免疫此次伤害。（最多触发2次）,虫-萌,377,53,46,46,66,66,100,3,35,,0.76-1.08,15.6-17.8,昆虫组-软体组,雄性 50% / 雌性 50%,毛毛进化链,是,否,否
35,幽影树,树精灵,左手和右手似乎有各自的想法，在黑暗中看起来就像三只精灵。虽然伪装拙劣到谁都能看穿的程度，但依旧喜欢伪装成普通树木的样子，跟在洛克身后，但是对洛克并没有恶意。,小偷小摸-入场时偷取敌方场上所有精灵2能量。,幽-草,571,111,96,96,65,123,80,1,0,,0.64-0.92,29.5-37.5,植物组-妖精组,雄性 50% / 雌性 50%,幽影树进化链,否,是,是
36,小鼠獭,啃啃精灵,总是在啃着什么，包括自己的手和尾巴。扒开小鼠獭的嘴巴仔细观察也找不到牙，牙床嫩嫩的，还没有牙的痕迹。,保守派-总技能能耗小于4时，自己获得双防+80%。,普通-水,355,73,57,57,60,60,48,1,0,,0.37-0.53,6.7-7.5,动物组-两栖组,雄性 50% / 雌性 50%,小鼠獭进化链,否,否,否
37,燕尾獭,啃啃精灵,牙齿锋利，非常喜欢啃一些坚硬的木头。手掌心非常坚硬粗糙，常看到它们用手在脸上搓来搓去，并不是在洗脸，而是在用掌心磨牙齿。,保守派-总技能能耗小于4时，自己获得双防+80%。,普通-水,477,97,77,77,81,81,64,2,30,,0.61-0.88,28.6-31.5,动物组-两栖组,雄性 50% / 雌性 50%,小鼠獭进化链,否,否,否
38,卷胡巨獭,优雅精灵,对外表有很高的追求，除了磨牙的习惯之外，体内分泌的油脂会被用来保养胡须。蓬松的胡须和锋利的牙齿代表其在族群中的地位，部分獭会去寻找枯草装作假胡子戴着。普遍不喜欢和洛克亲近。,保守派-总技能能耗小于4时，自己获得双防+80%。,普通-水,595,121,96,96,101,101,80,3,48,,0.76-1.08,76.5-90.0,动物组-两栖组,雄性 50% / 雌性 50%,小鼠獭进化链,否,否,否
39,矿晶虫,矿石精灵,喜欢攀附于潮湿的岩层，以土壤中的矿粒为食，常被用作衡量矿产资源丰富度的标志。身上的晶体可以将细小的光线通过折射放大数倍，四只矿晶虫便能照亮一整个矿洞，是备受矿工喜爱的精灵。,偏振-受到自己携带技能系别的攻击伤害-40%。,光-地,466,79,77,81,102,75,52,1,0,,0.54-0.77,5.8-10.53,软体组-大地组,雄性 50% / 雌性 50%,矿晶虫进化链,是,是,否
40,晶石蜗,矿石精灵,在资源丰富的矿洞中能遇见的罕见蜗类，周身的矿石与斑纹会因摄入矿物类型的不同，而呈现出不同的色彩。进食时，它会直接吞下成块矿石，并通过特殊的消化结构，将其转化并沉积为自身躯体的一部分。,偏振-受到自己携带技能系别的攻击伤害-40%。,光-地,583,99,96,101,128,94,65,2,40,任选蓝晶碧玺累计交互3次,1.03-1.35,59.1-71.05,软体组-大地组,雄性 50% / 雌性 50%,矿晶虫进化链,是,是,否
41,奇丽草,花苞精灵,头顶着花苞爬着前进，总会朝着太阳光的方向。花苞里面似乎孕育着什么，要是长期照不到太阳，花苞就会萎缩。,养分重吸收-回合结束时，回复3能量。,草,383,67,69,69,73,57,48,1,0,,0.38-0.55,4.1-5.7,植物组,雄性 50% / 雌性 50%,奇丽草进化链,否,是,是
42,奇丽叶,花苞精灵,头顶的花苞十分巨大，花苞成长速度已经超过身体，头部上方是视野盲区，由身体下面五个足状的突起维持平衡。,养分重吸收-回合结束时，回复3能量。,草,511,90,92,92,97,76,64,2,16,,0.62-0.89,24.0-31.0,植物组,雄性 50% / 雌性 50%,奇丽草进化链,否,是,是
43,奇丽花,芳香精灵,巨大的花朵盛开了，花瓣像是一顶遮阳帽，粗大的花蕊像触角一样，花朵很好闻，有类似柑橘的香甜气味，对小型精灵有强烈吸引力。,养分重吸收-回合结束时，回复3能量。,草,638,112,115,115,121,95,80,3,32,,1.11-1.58,42.0-58.0,植物组,雄性 50% / 雌性 50%,奇丽草进化链,否,是,是
44,丢丢,舔舔精灵,有看到什么都会去舔一下试试看的习惯，经常忘记把舌头收回去。双眼对强光非常敏感，白天会老老实实躲在室内或者阴凉的地方。,诈死-自己力竭时，少损失1点魔力。,草,268,44,45,12,49,40,78,1,0,,0.35-0.51,4.3-6.1,两栖组,雄性 50% / 雌性 50%,丢丢进化链,是,否,否
45,卡卡虫,舔舔精灵,用四只吸盘在任何地形快速地移动，静止不动的时候很难分辨。尾巴牢牢抓着植物的茎，没事就会拿下来舔，它的唾液似乎会让果实越变越硬。,诈死-自己力竭时，少损失1点魔力。,草,357,59,60,16,65,53,104,2,16,,0.53-0.76,18.5-21.6,两栖组,雄性 50% / 雌性 50%,丢丢进化链,是,否,否
46,卡瓦重,蜥蜴精灵,手里拿的是生长着果实的枝条，既是武器也是乐器，需要时还能解解嘴馋。战斗像舞蹈一样，用细长灵活的舌头和尾巴表演，让人眼花缭乱。,诈死-自己力竭时，少损失1点魔力。,草,447,74,75,20,81,67,130,3,36,,0.76-1.09,29.0-35.85,两栖组,雄性 50% / 雌性 50%,丢丢进化链,是,否,否
47,护主犬,狗狗精灵,时刻保持着警觉，任何危险都无法逃过它的眼睛。虽然身形小巧，但面对无论多么凶猛庞大的敌人都会勇敢地燃起斗志。,专注力-入场首回合，获得物攻+100%。,火,451,68,103,37,81,66,96,1,0,,0.64-0.92,13.6-17.5,动物组,雄性 80% / 雌性 20%,护主犬进化链,否,是,否
48,音速犬,守护精灵,昂起斗志时，冠毛和尾巴会像熊熊燃烧的火焰一样摇曳。身上的围巾蕴含魔法能量，似乎有增强火元素的效果。,专注力-入场首回合，获得物攻+100%。,火,562,85,128,46,101,82,120,2,26,,1.13-1.62,39.5-51.5,动物组,雄性 80% / 雌性 20%,护主犬进化链,否,是,否
49,绿耳松鼠,松鼠精灵,能靠有力的尾巴弹跳，如果摔倒了，要花一阵子才能重新靠尾巴站立，有研究猜测它们足部功能有所退化，尾部功能非常发达，部分取代了双脚的作用。,囤积-每有1能量，获得双防+10%。,普通,333,69,50,47,67,52,48,1,0,,0.47-0.68,3.5-6.0,动物组,雄性 50% / 雌性 50%,绿耳松鼠进化链,否,否,否
50,抱枕松鼠,圆滚滚精灵,骑着自己的尾巴，已经不需要靠双脚走路。偶尔把头埋进身体，看上去像一颗巨大的果实。,囤积-每有1能量，获得双防+10%。,普通,445,92,67,63,89,70,64,2,32,,0.6-0.84,21.05-27.08,动物组,雄性 50% / 雌性 50%,绿耳松鼠进化链,否,否,否
51,蹦床松鼠,圆滚滚精灵,尾巴的力量非常强，巨大的尾部并不是蓬松的，内部有着强健的肌肉，实心并且富有弹性。可以用尾巴把自己弹射到三层楼那么高的地方。,囤积-每有1能量，获得双防+10%。,普通,555,114,84,79,111,87,80,3,46,,0.78-1.12,47.5-68.4,动物组,雄性 50% / 雌性 50%,绿耳松鼠进化链,否,否,否
52,嘟嘟煲,锅精灵,体内的粘液有毒性，总是黏糊糊的，一旦沾上很难洗掉，粘液的沸点十分低，常处于沸腾状态。,复方汤剂-在场时，双方回合结束时的中毒效果会额外触发1次。,毒,459,110,29,82,71,83,84,1,0,,0.65-0.8,48.5-56.0,妖精组-大地组,雄性 50% / 雌性 50%,嘟嘟煲进化链,否,否,是
53,嘟嘟锅,锅精灵,一直在咕嘟咕嘟，分不清是因为沸腾导致，还是在喋喋不休。似乎有意四处散播谣言，说自己是炼金教室里大炼金锅的嫡系子嗣，研究人员在进行研究观测的时候每天要听五十遍它们讲的辉煌家史。,复方汤剂-在场时，双方回合结束时的中毒效果会额外触发1次。,毒,573,137,36,102,89,104,105,2,38,,0.64-0.91,67.9-89.2,妖精组-大地组,雄性 50% / 雌性 50%,嘟嘟煲进化链,否,否,是
54,小灵面,轻飘飘精灵,面具似乎可以摘下，进食的时候会避开所有生物。一层闪着荧光的神秘物质覆盖着身体，内部可能是液体。,惊吓-能量等于0的精灵，无法对自己造成伤害。,幽,366,55,30,72,59,81,69,1,0,,0.38-0.55,0.1-0.55,魔力组,雄性 50% / 雌性 50%,小灵面进化链,是,否,否
55,暗影灵面,假面精灵,被两团冷火环绕着，从头到脚都充满了谜团。进食之后重量也毫不增加，被它面具下的嘴吞下的食物仿佛消失了一样。,惊吓-能量等于0的精灵，无法对自己造成伤害。,幽,488,74,40,96,78,108,92,2,20,18点至次日6点期间,0.75-0.86,0.12-1.16,魔力组,雄性 50% / 雌性 50%,小灵面进化链,是,否,否
56,幽冥眼,假面精灵,传说幽冥眼一族在生命终结的时候能窥见生命与宇宙的奥秘。对灵魂与星辰抱有极其虔诚的信仰，面具上刻着的眼睛形状图腾似乎象征着种族的信仰。,惊吓-能量等于0的精灵，无法对自己造成伤害。,幽,610,92,50,120,98,135,115,3,32,时间段18点~次日6点,1.55-1.65,1.5-2.86,魔力组,雄性 50% / 雌性 50%,小灵面进化链,是,否,否
57,梦游,睡衣精灵,不吃不喝，大部分时间都在睡觉的奇怪生物，常呆在旧衣服堆里。喜欢群居生活，如果太长时间没有感受到其他生物的活动痕迹，会变得非常怨恨和暴躁。,做噩梦-敌方精灵离场后，更换入场的精灵失去3能量。,幽,493,90,52,125,60,74,92,1,0,,0.5-0.6,0.6-1.87,魔力组-妖精组,雄性 50% / 雌性 50%,梦游进化链,是,否,否
58,梦悠悠,睡衣精灵,被遗忘的旧睡衣，因为孤单和思念而死，死后变成了幽灵。明明是毛绒绒的，但是体表温度极低，摸起来很凉，即使一直抱着它，它也很难变暖。,做噩梦-敌方精灵离场后，更换入场的精灵失去3能量。,幽,618,113,65,157,75,93,115,2,32,,1.0-1.2,1.25-3.1,魔力组-妖精组,雄性 50% / 雌性 50%,梦游进化链,是,否,否
59,兽花蕾,小花种精灵,稀兽花种的幼年形态，非常轻，会随风而动，身后有像翅膀一样的苞片，苞片上有特殊的薄膜，可以起到防风防水的效果，保护它们健康成长。,稀兽花宝-根据自己的血脉，入场时获得不同效果。,光-草,513,70,79,82,70,97,115,1,0,,0.38-0.45,4.25-6.5,植物组,雄性 50% / 雌性 50%,兽花蕾进化链,否,否,否
60,伏地兽,食蚁兽精灵,柔韧的吻部十分有弹性，没有牙齿，用舌头和吻部配合嘬取食物。每天吃几十只蚂蚁就可以存活，能量消耗很小，多数时间在睡觉。,壮胆-队伍存在虫系精灵，自己获得双攻+50%。,普通,338,95,56,25,70,41,51,1,0,,0.52-0.74,12.4-15.8,动物组,雄性 50% / 雌性 50%,伏地兽进化链,否,否,否
61,贪食鼹,食蚁兽精灵,吻部变得坚硬，形状如同吸管，舌头又长又黏。没有嗅觉器官，通过舌头来感知气味，经常舔舐各种味道刺激的东西。,壮胆-队伍存在虫系精灵，自己获得双攻+50%。,普通,449,126,74,33,94,54,68,2,20,累计击败3只虫系精灵,0.84-1.21,21.6-35.84,动物组,雄性 50% / 雌性 50%,伏地兽进化链,否,否,否
62,巨噬针鼹,食蚁兽精灵,体表坚硬的鬃毛能够防御风吹日晒和敌人的攻击。长舌灵活而柔韧，能够绊倒猎物或者缠绕颈部使其窒息，吻部如同长矛一般刺穿猎物的要害，甚至可以击穿岩石。,壮胆-队伍存在虫系精灵，自己获得双攻+50%。,普通,562,158,93,41,117,68,85,3,32,,1.52-1.79,87.3-105.0,动物组,雄性 50% / 雌性 50%,伏地兽进化链,否,否,否
63,蹦蹦种子,多肉精灵,总是蹦蹦跳跳的，会用滚动的方式攻击。对温度和湿度都很敏感，但就算冷得发抖也不抱团取暖。,生物碱-使用草系技能时，敌方获得2层中毒。,草-毒,348,60,64,66,44,63,51,1,0,,0.46-0.67,4.3-5.6,植物组,雄性 50% / 雌性 50%,蹦蹦种子进化链,是,是,否
64,蹦蹦草,刺刺精灵,挥舞着长满刺的双手跳来跳去，要小心地接近。在太阳光下变得格外兴奋，情绪波动时头顶的花苞有可能突然绽放。,生物碱-使用草系技能时，敌方获得2层中毒。,草-毒,464,80,85,88,59,84,68,2,16,,0.59-0.85,34.3-42.9,植物组,雄性 50% / 雌性 50%,蹦蹦种子进化链,是,是,否
65,蹦蹦花,花精灵,休息的时候会把脚插入地下一动不动，但似乎随时能够进入战斗状态。头上的花不允许任何人触碰，那似乎是它生命力量的来源。,生物碱-使用草系技能时，敌方获得2层中毒。,草-毒,580,100,107,110,73,105,85,3,32,,1.33-1.9,75.0-86.0,植物组,雄性 50% / 雌性 50%,蹦蹦种子进化链,是,是,否
66,电咩咩,羊精灵,整个咩咩非常蓬松，每一根蓬松的毛都带电，稍微靠近它就要被静电“哔哩”一下。释放能量之后会进入低电量状态，低电量时会没精打采并吃很多。,快充-离场时回复10能量。,电,332,47,49,49,55,57,75,1,0,,0.58-0.83,7.17-9.1,动物组,雄性 50% / 雌性 50%,电咩咩进化链,否,否,否
67,粉咩咩,羊精灵,经常看到它们聚在一起胡乱放电，放电的时候会跳奇怪的舞蹈，十分开心的样子。如果埋进它们的毛里猛吸一口，被电很惨同时会闻到糊糊的怪味。,快充-离场时回复10能量。,电,443,62,66,66,73,76,100,2,30,,0.8-1.14,15.3-18.6,动物组,雄性 50% / 雌性 50%,电咩咩进化链,否,否,否
68,电球咩咩,爆炸头精灵,头顶的毛团会定期脱落并瞬间萌发出新的一团，当遇到危险的时候，电球咩咩会快速脱落掉头顶毛团，以达到吸引敌人注意力的效果。,快充-离场时回复10能量。,电,553,78,82,82,91,95,125,3,42,,1.13-1.62,48.6-58.0,动物组,雄性 50% / 雌性 50%,电咩咩进化链,否,否,否
69,蒲公英,轻飘飘精灵,喜欢阳光，可爱的圆形精灵，三只一起在草丛中随风飘动。风吹到哪就会飞到哪，总是无忧无虑的。,勇敢-携带的能耗大于3的技能，威力+40%。,草-萌,515,89,99,94,103,78,52,1,0,,0.3-0.5,0.1-0.6,植物组-天空组,雄性 50% / 雌性 50%,蒲公英进化链,否,否,否
70,蒲公英娃娃,圆滚滚精灵,三个可爱的小家伙簇拥着一团轻盈的绒球，绒球的内部构造不得而知。协同发力的话，能够随心所欲地借助风力飞往任何地方。,勇敢-携带的能耗大于3的技能，威力+40%。,草-萌,642,111,123,117,129,97,65,2,26,,0.7-1.0,0.3-1.35,植物组-天空组,雄性 50% / 雌性 50%,蒲公英进化链,否,否,否
71,伊贝儿,毛绒绒精灵,它头顶长着一团蓬松的绿色苔藓，压低身体时能很好地融入草丛，几乎难以分辨。苔藓本身不疏水，一旦沾到水就会迅速吸收并变得沉重，让它行动迟缓甚至走不动，只能停在原地等待自然风干。它的身体像果冻一样具有弹性，可拉伸变形。,腐植循环-每回复1能量，同时回复5%生命。,草,487,94,73,72,88,88,72,1,0,,0.44-0.62,3.3-4.2,植物组-软体组,雄性 50% / 雌性 50%,伊贝儿进化链,否,否,是
72,伊贝粉粉,毛绒绒精灵,苔藓常把眼睛遮住，因此它对细微动作的反应显得迟钝。若有洛克替它把苔藓梳理开，它会明显变得开心。进食后体型会短暂膨大一圈，随后再慢慢恢复原状。,腐植循环-每回复1能量，同时回复5%生命。,草,607,117,91,89,110,110,90,2,28,,1.03-1.47,9.3-12.5,植物组-软体组,雄性 50% / 雌性 50%,伊贝儿进化链,否,否,是
73,白发懒人,睡不醒精灵,一直闭着眼睛在睡觉，即使是醒了也看不出来。在它睡着的时候也能对听到的声音有所反应，仿佛是个熟练的梦游者。,慢热型-初始能量为0，入场前己方精灵每成功应对1次，回复5能量。,普通,437,94,100,42,86,70,45,1,0,,0.72-1.03,19.5-23.5,拟人组-巨灵组,雄性 50% / 雌性 50%,白发懒人进化链,否,否,否
74,动力猿,睡不醒精灵,有一半的时间在睡觉，极少保持清醒，清醒时精力极其旺盛。会使劲捶打胸口努力让自己变得清醒，但是卖力地运动过后睡得更沉了。,慢热型-初始能量为0，入场前己方精灵每成功应对1次，回复5能量。,普通-武,583,125,134,56,114,94,60,2,18,,1.2-1.71,46.5-63.5,拟人组-巨灵组,雄性 50% / 雌性 50%,白发懒人进化链,否,否,否
75,瞌睡王,睡不醒精灵,比较难找到它的眼睛，主要靠鼾声来判断它是不是醒着。即使危险就在面前也能睡得香香的，或许是强大的体格给了它这样做的底气。,慢热型-初始能量为0，入场前己方精灵每成功应对1次，回复5能量。,普通-武,728,156,167,70,143,117,75,3,36,,1.61-2.31,124.5-136.5,拟人组-巨灵组,雄性 50% / 雌性 50%,白发懒人进化链,否,否,否
76,海盔虫,刺刺精灵,它静止时像不起眼的礁石，让人很难判断这是不是生物。它以底栖方式缓慢移动，活动量与食物多少直接相关，食物少时一天可能只挪动一点点。棘刺间分布感光细胞，使它对强光十分敏感，常本能地躲向阴影。,溶解扩散-每携带1个毒系技能进入战斗，水系技能使敌方获得1层中毒。,水-毒,327,71,25,59,46,66,60,1,0,,0.55-0.7,7.4-8.6,海洋组-巨灵组,雄性 50% / 雌性 50%,海盔虫进化链,是,是,是
77,刺盔虫,刺刺精灵,刺上会卡着贝壳，木片，海藻。长长的棘刺有大量感光细胞，对光线非常敏感，具有负趋光性，为了逃避光线会在日间抓着各种东西为自己遮挡光线。食物充足时移动距离也会稍微变大。,溶解扩散-每携带1个毒系技能进入战斗，水系技能使敌方获得1层中毒。,水-毒,435,94,33,79,61,88,80,2,26,,0.83-1.19,22.5-29.8,海洋组-巨灵组,雄性 50% / 雌性 50%,海盔虫进化链,是,是,是
78,千棘盔,刺刺精灵,平时它仍行动迟缓，但遇险时能短暂加速，脱离光照与威胁区域。受到轻微触碰时，棘刺会迅速聚合，并指向接触点，棘端的毒囊能造成刺痛与轻微麻木。,溶解扩散-每携带1个毒系技能进入战斗，水系技能使敌方获得1层中毒。,水-毒,545,118,41,99,76,111,100,3,42,,1.11-1.33,98.6-115.0,海洋组-巨灵组,雄性 50% / 雌性 50%,海盔虫进化链,是,是,是
79,菊花梨,拟态精灵,看起来像梨，闻起来像梨，尝起来味道也像梨。睡觉的时候会把身体藏在泥巴里，只把花朵留在地面上。小黄蜂想要来授粉的话它会非常苦恼。,无忧无虑-可获得的萌化层数不受限制。,萌,572,120,56,127,84,125,60,1,0,,0.63-0.9,4.2-5.8,植物组,雄性 50% / 雌性 50%,菊花梨进化链,否,否,是
80,小星光,狮精灵,草原晴天的微风里，常传来细碎噼啪——那是小星光在甩鬃毛，它们似乎总是处于炸毛的状态，其实 是毛发里的电流导致的。它们从来不怕打雷，长长的尾巴能起到导电的作用，被雷劈中也不会受伤。,电流刺激-携带的攻击技能获得迸发：威力+40。,电,494,60,81,85,72,88,108,1,0,,0.78-1.12,27.5-36.2,动物组,雄性 50% / 雌性 50%,小星光进化链,是,否,否
81,星光狮,狮精灵,头顶的晶体是身体的一部分，里面似乎蕴含着无尽的能量。从晶体中发射能量攻击对手，吃饱睡好的情况下发射的能量炮能炸掉整个聆风塔地。,电流刺激-携带的攻击技能获得迸发：威力+40。,电,617,75,101,106,90,110,135,2,36,,1.08-1.54,49.5-58.1,动物组,雄性 50% / 雌性 50%,小星光进化链,是,否,否
82,一窝蜂,蜂精灵,悬浮着的蜂巢就像身体的一部分一样灵活运动。可能是受某种信息素或者魔法影响，总会默契地做出协同的动作。,虫群鼓舞-队伍中每有1只其他的虫系精灵，自己入场时获得攻防速+10%。,虫-翼,228,87,32,29,27,27,26,1,0,,0.37-0.52,4.0-5.5,昆虫组-天空组,雌性 100%,一窝蜂进化链,否,是,否
83,黄蜂后,蜂精灵,在蜂后的下半身周围有能量波动，推测是用来建立两只小蜂的联系。战斗时，蜂后的两眼会变成红色，针刺也会变得锋利无比。,虫群鼓舞-队伍中每有1只其他的虫系精灵，自己入场时获得攻防速+10%。,虫-翼,305,116,43,39,36,36,35,2,21,雌性,0.81-1.16,31.7-39.21,昆虫组-天空组,雌性 100%,一窝蜂进化链,否,是,否
84,花魁蜂后,蜂精灵,穿着披风、戴着王冠的蜂后，总是带着它的两个小侍卫。高雅的女王形象令人印象深刻，它的外形曾经是许多服装设计的灵感。,虫群鼓舞-队伍中每有1只其他的虫系精灵，自己入场时获得攻防速+10%。,虫-翼,382,145,54,49,45,45,44,3,38,雌性,0.83-1.19,61.5-78.4,昆虫组-天空组,雌性 100%,一窝蜂进化链,否,是,否
85,小夜,猫精灵,身手敏捷的小猫，擅长在雾气中隐藏身形，也可以幻化成其他物体。常常以惊讶和恐惧为食，消化后会散发出一种奇怪的味道。,嫁祸-自己每失去25%生命，连击数+2。,恶,374,60,69,63,62,51,69,1,0,,0.51-0.73,4.5-7.6,拟人组-妖精组,雌性 100%,小夜进化链,否,否,是
86,紫夜,猫精灵,经常四处游历，偶尔幻化成其他精灵的样子之后偷偷潜入其他族群中，猜测是为了锻炼自己的幻化能力。通常情况下喜欢独自生活。,嫁祸-自己每失去25%生命，连击数+2。,恶,499,80,92,84,83,68,92,2,26,雌性,0.72-1.03,17.6-22.5,拟人组-妖精组,雌性 100%,小夜进化链,否,否,是
87,朔夜伊芙,猫精灵,喜欢在远处观察其他精灵的活动，有时会故意制造幻象来测试目标的反应。几乎不与同类接触，有些排斥社交，意外的是，被亲近的洛克抚摸的话耳朵尖会发光。,嫁祸-自己每失去25%生命，连击数+2。,恶,624,100,115,105,104,85,115,3,44,雌性,1.06-1.51,46.2-57.5,拟人组-妖精组,雌性 100%,小夜进化链,否,否,是
88,乖乖鹄,天鹅精灵,羽毛有很好的疏水性，可以毫不费力地浮在水面上，浮着的时候怔怔地看着水面，并不是在发呆，而是在检查自己的美丽，小小的乖乖鹄很早就已经意识到了美丽与优雅的重要性。,洁癖-离场后，自己的增益和减益会被更换入场的精灵继承。,翼-水,394,75,57,52,83,58,69,1,0,,0.46-0.67,4.2-5.5,天空组-两栖组,雌性 100%,乖乖鹄进化链,否,否,否
89,蓝珠天鹅,天鹅精灵,有强烈美意识的种族，时常梳理羽毛，用珍珠来打扮自己。优雅的举止和良好的外表是向同伴传递自身健康强壮的信号，拥有的珍珠数量也决定了自身在种群中的地位。,洁癖-离场后，自己的增益和减益会被更换入场的精灵继承。,翼-水,525,100,76,69,110,78,92,2,20,,0.88-1.03,14.08-18.1,天空组-两栖组,雌性 100%,乖乖鹄进化链,否,否,否
90,翠顶夫人,优雅精灵,柔弱温顺，羽毛软而蓬松。过于专注梳理羽毛可能会迷路，意识到迷路的时候通常已经游到了完全不认识的环境里。不过总能保持优雅淡定，似乎永远不会慌张惊恐。这或许是夫人为自己制定的礼仪规范。,洁癖-离场后，自己的增益和减益会被更换入场的精灵继承。,翼-水,656,125,95,86,138,97,115,3,40,,1.2-1.34,19.05-25.04,天空组-两栖组,雌性 100%,乖乖鹄进化链,否,否,否
91,黑羽夫人,优雅精灵,天鹅精灵中罕见的独居分支，对社交并不热衷。羽毛长而卷翘，摸起来有些刺手，似乎并不符合种族中普遍的审美，但自信令她看起来非常优雅。,孤傲-敌方精灵离场后，其增益和减益会被更换入场的精灵继承。,翼-恶,652,132,93,87,130,90,120,3,40,[恶]血脉,1.25-1.4,20.5-28.06,天空组-两栖组,雌性 100%,乖乖鹄进化链,否,否,否
92,锤头鹳,锤头精灵,三三两两地站在建筑的高处，有些神秘，被认为是王国的守护者。洛克靠近时，会发出尖锐刺耳的声音，头部奇怪的形状为工具设计提供了设计灵感。,快锤-携带的能耗小于3的技能，获得迅捷。,翼-水,567,128,77,75,101,81,105,1,0,,1.09-1.56,51.3-65.8,天空组-两栖组,雄性 50% / 雌性 50%,锤头鹳进化链,否,否,否
93,绿草精灵,恶作剧精灵,在森林里挥舞着手中的木棍，好像是在做施放巫术的练习。偶尔会和帽子交谈，晒太阳的时候可能会发出诡异的笑声。,木桶戏法-离场后，更换入场的精灵以木桶状态登场。,草-幻,504,87,39,96,92,118,72,1,0,,0.71-1.01,9.3-10.3,妖精组-拟人组,雄性 50% / 雌性 50%,绿草精灵进化链,否,否,否
94,魔草巫灵,恶作剧精灵,守护着森林的小巫师，头上的帽子似乎已经跟随它多年了。帽子的两侧是它树叶状的耳朵，能听到树木之间的对话。,木桶戏法-离场后，更换入场的精灵以木桶状态登场。,草-幻,629,109,48,120,115,147,90,2,32,,0.74-1.05,29.0-34.0,妖精组-拟人组,雄性 50% / 雌性 50%,绿草精灵进化链,否,否,否
95,记忆石,智慧精灵,埋在土地里露出上半截，就像是石碑一样。通过扫描分析它所散发的波动，能窥见一点点王国百年前的历史。,不移-携带的无额外效果的攻击技能，威力+30%。,地,607,112,108,97,141,79,70,1,0,,0.97-1.39,90.2-112.0,大地组,雄性 50% / 雌性 50%,记忆石进化链,否,否,否
96,咔咔羽毛,鸟仔精灵,跑得很快，手短且柔软，一般用尾巴来代替手的作用。尝试助跑之后短暂地浮空，但似乎一直没能学会飞翔。,咔咔冲刺-若先于敌方行动，行动后获得连击数+1。,翼-普通,378,58,68,66,61,53,72,1,0,,0.62-0.89,2.62-3.9,天空组,雄性 50% / 雌性 50%,咔咔羽毛进化链,否,否,否
97,咔咔雀,鸟仔精灵,仿照洛克号的帆进化出了大尾巴，曾经尝试练习滑翔，大尾巴让它们能够短暂浮空，也可以用来吓唬和拍打敌人。,咔咔冲刺-若先于敌方行动，行动后获得连击数+1。,翼-普通,505,78,91,88,81,71,96,2,18,,0.66-0.95,13.8-18.5,天空组,雄性 50% / 雌性 50%,咔咔羽毛进化链,否,否,否
98,咔咔鸟,芳香精灵,拥有两条漂亮的大尾巴，虽然无法飞翔，但是抓着大尾巴可以滑翔一段距离，滑翔时身体散发出香香的味道，是因为这个种族普遍有些恐高，紧张的时候会释放舒缓神经的信息素，为自己壮胆。,咔咔冲刺-若先于敌方行动，行动后获得连击数+1。,翼-普通,631,97,114,110,101,89,120,3,36,,0.7-1.0,27.5-33.72,天空组,雄性 50% / 雌性 50%,咔咔羽毛进化链,否,否,否
99,小草虫,虫仔精灵,果树分叉越多的地方，越容易找到它们，常常被误认为是未熟的青葡萄。肤表黏糊糊的，睡觉时缩成一团挂在树上。常观察到许多只挤在一起，目前推测是畏寒的原因。,花精灵-回合结束时，己方队伍获得1次随机奉献。,虫-草,323,73,40,43,50,57,60,1,0,,0.47-0.67,2.1-3.4,昆虫组-拟人组,雄性 20% / 雌性 80%,小草虫进化链,否,否,是
100,草衣虫,虫仔精灵,与果树是互利共生关系，在果树之间采蜜的同时完成授粉。尾部的花朵是虹吸式进食器官，能够用来吸取和储存花粉，是访花昆虫中最重要的种群。,花精灵-回合结束时，己方队伍获得1次随机奉献。,虫-草,429,97,53,57,67,75,80,2,20,,0.6-0.87,7.2-8.6,昆虫组-拟人组,雄性 20% / 雌性 80%,小草虫进化链,否,否,是
101,花衣蝶,蝶精灵,原本的尾巴脱落后变成手中的花朵，似乎蕴含着魔法能量，能当作魔杖使用。冬日寒冷的雨夜里，成千上万的花衣蝶聚集在枯树上休息，清晨又四散飞走，如同花开一夜的蜃景。,花精灵-回合结束时，己方队伍获得1次随机奉献。,虫-草,539,122,67,72,84,94,100,3,36,,0.92-1.32,19.6-23.4,昆虫组-拟人组,雌性 100%,小草虫进化链,否,否,是
102,绿翼鸟,鸟仔精灵,胆小谨慎的精灵，总是下意识地遮挡和隐藏自己。头部心型冠的原理不明，要小心对待，拉扯后，绿翼鸟的性格和样貌会大变，拉扯三次后变回本来的性格和样貌。,自由飘-自己每有1层萌化，获得连击数+3。,萌-翼,323,52,63,18,56,53,81,1,0,,0.49-0.61,3.6-4.8,天空组-妖精组,雄性 50% / 雌性 50%,绿翼鸟进化链,否,否,否
103,魔翼鸟,鸟仔精灵,巨大的翅膀能够给予敌人强有力的打击，旋转时更能提高打击效率。物理攻击和魔法攻击都很擅长，翅膀中蕴含着巨量魔力，翅膀内侧的脉络中是魔力流转的痕迹。,自由飘-自己每有1层萌化，获得连击数+3。,萌-翼,431,70,85,23,75,70,108,2,20,,0.78-1.12,8.85-13.8,天空组-妖精组,雄性 50% / 雌性 50%,绿翼鸟进化链,否,否,否
104,魔眷鸟,魔眷精灵,似乎并非是自然产生的物种，对魔法的共鸣极强。根据调查统计结果来看，即使是野生的魔眷鸟也曾经有过契约者，怀疑是被制作出之后再放生的。,自由飘-自己每有1层萌化，获得连击数+3。,萌-翼,539,87,106,29,94,88,135,3,32,,0.91-1.31,19.8-24.5,天空组-妖精组,雄性 50% / 雌性 50%,绿翼鸟进化链,否,否,否
105,阿米亚特,石头精灵,全身都是岩石，但眼睛周围没有岩石保护，是十分脆弱的柔软皮肤。喜欢吃不同口味的矿石，总是静静呆着，没什么存在感。,石头大餐-能量不足时，消耗5%生命，代替1能量。,地,360,64,95,47,67,42,45,1,0,,0.57-0.79,38.5-49.2,大地组-巨灵组,雄性 80% / 雌性 20%,阿米亚特进化链,否,是,否
106,阿米樱,石头精灵,石头组成的上身和双臂异常粗壮，腿部短小，经常会腿痛。重重挥拳的时候会把构成手部的石头都打散，不过很快就会用岩石修补好。,石头大餐-能量不足时，消耗5%生命，代替1能量。,地,480,86,127,62,89,56,60,2,30,,0.78-1.12,94.2-143.0,大地组-巨灵组,雄性 80% / 雌性 20%,阿米亚特进化链,否,是,否
107,罗隐,石头精灵,身体中结晶脉络光滑透亮，十分坚硬，似乎是某种矿石。长着凶狠的样貌，揣着不知如何表达的善意，示好的时候会展示一下由石头构成的肌肉。,石头大餐-能量不足时，消耗5%生命，代替1能量。,地-恶,601,107,159,78,112,70,75,3,50,,1.48-2.12,290.0-305.0,大地组-巨灵组,雄性 80% / 雌性 20%,阿米亚特进化链,否,是,否
108,风铃鲨,轻飘飘精灵,如果看见它们在水面上大量聚集，往往预示着快要下雨。它们的尾巴摆动时带起细小涟漪，薄膜边缘会在气流中轻轻振动，发出清亮悦耳的声响。,水翼推进-己方精灵每使用1次水系技能，自己入场时获得全技能能耗-1。,水-翼,373,54,59,59,63,63,75,1,0,,0.41-0.59,13.07-16.8,海洋组-天空组,雄性 50% / 雌性 50%,风铃鲨进化链,否,是,否
109,蓝蝶鲨,轻飘飘精灵,它的身体构造至今难以完全解释：体内几乎都是水，身体被一层透明的膜包裹住，里面的液体非常轻。飞行时，由于压力变化或者风势太大，液体有时会漏出来。,水翼推进-己方精灵每使用1次水系技能，自己入场时获得全技能能耗-1。,水-翼,496,72,78,78,84,84,100,2,20,,0.81-1.16,34.82-48.6,海洋组-天空组,雄性 50% / 雌性 50%,风铃鲨进化链,否,是,否
110,彩蝶鲨,轻飘飘精灵,常被目击从水面贴风飞过，轻盈得几乎不留波纹，它飞行时会借气流而动，并且发出清亮的声音。危险逼近时，它会迅速褪淡体色，降低存在感，再沿风向逃跑。,水翼推进-己方精灵每使用1次水系技能，自己入场时获得全技能能耗-1。,水-翼,621,90,98,98,105,105,125,3,40,,1.18-1.68,80.5-96.5,海洋组-天空组,雄性 50% / 雌性 50%,风铃鲨进化链,否,是,否
111,石石,计重精灵,古老的种族，似乎和现在的精灵们很少交流，但对洛克族十分友好。地系部族掌握建造之术后的创造的第一个物种。在古代也被用作计量单位，一个石石约等于三十千克。,石天平-若使用技能能耗高于敌方，回合结束敌方失去能耗之差的能量。,地,467,76,79,79,101,56,76,1,0,,0.35-0.5,61.0-75.0,大地组-魔力组,雄性 80% / 雌性 20%,石石进化链,否,否,否
112,巨灵石,石头精灵,从大地获取强大的能量，可以使用地系魔法操纵土壤石头。常常收集一些土壤、石块作为零食，喜欢边讲故事边嚼石头，洛克族的孩子们偶尔会躲在旁边偷偷听它们讲故事。,石天平-若使用技能能耗高于敌方，回合结束敌方失去能耗之差的能量。,地-幽,584,95,99,99,126,70,95,2,40,,1.95-2.3,205.0-240.0,大地组-魔力组,雄性 80% / 雌性 20%,石石进化链,否,否,否
113,仪使者,遗迹精灵,在很久很久前被洛克族在遗迹的深处发现，可能已经有上千年的历史了。它的身体由宝石和贵重的金属组成，是被追求财富的人争抢的对象。,观星-敌方每有1层星陨印记，自己的地系技能威力+20%。,地-幻,359,64,50,54,69,71,51,1,0,,0.45-0.58,19.05-35.05,妖精组-大地组,雄性 50% / 雌性 50%,仪使者进化链,否,是,否
114,仪式之星,遗迹精灵,曾被误认为是雕像，但却有意识和情绪。传说它的身体上镶嵌的宝石象征三种元素。被认为是完美平衡的象征，有研究证明它能够感知或预测时间的流动。,观星-敌方每有1层星陨印记，自己的地系技能威力+20%。,地-幻,478,85,67,71,92,95,68,2,35,,0.84-1.21,72.0-87.5,妖精组-大地组,雄性 50% / 雌性 50%,仪使者进化链,否,是,否
115,仪式巨像,遗迹精灵,经过时间的洗礼，有些残缺的痕迹，是谜一般的存在，与其相关的研究记录十分少。但相反，这个种族似乎对洛克族十分了解和亲近。 “也许生命会消失，从人们的记忆中淡忘，但文明的传承不会断绝。”,观星-敌方每有1层星陨印记，自己的地系技能威力+20%。,地-幻,598,106,84,89,115,119,85,3,45,,1.44-1.79,198.05-253.07,妖精组-大地组,雄性 50% / 雌性 50%,仪使者进化链,否,是,否
116,小独角兽,独角精灵,漂亮柔软的绿色鬃毛，让谁看了都想抚摸一下。不知是不是它散发出的魔力的缘故，在它的身边会感觉心灵也变得纯净了。,目空-携带的非光系技能，威力+25%。,光,476,79,48,129,62,74,84,1,0,,0.98-1.41,41.5-55.6,动物组-巨灵组,雄性 50% / 雌性 50%,小独角兽进化链,否,是,是
117,白金独角兽,独角精灵,在黑暗中能够照亮周围，像神明一般圣洁而华丽。头顶的角除了穿刺敌人，还能施放出让人震撼的强大魔法冲击。,目空-携带的非光系技能，威力+25%。,光,595,99,61,161,77,92,105,2,40,,1.35-1.93,94.5-105.0,动物组-巨灵组,雄性 50% / 雌性 50%,小独角兽进化链,否,是,是
118,旋叶虫,拟态精灵,常挂在树上栖息，不仔细观察的话很难发现它们的踪迹。以类似树叶而闻名，颜色、形状，叶脉、叶梗，甚至是破损处也都非常相似。白天多保持静止，风起时会轻微摇晃，让自己更像一片真的叶子。,共鸣-携带的「虫鸣」技能威力+20。,普通-虫,326,56,15,65,63,55,72,1,0,,0.1-0.15,0.1-0.85,昆虫组-植物组,雄性 50% / 雌性 50%,旋叶虫进化链,是,是,否
119,蓬叶虫,拟态精灵,必要时能借助鞘翅进行短暂滑行，从一处树冠滑到另一处枝丫。它经常在风力带动下被动迁移，偶尔被风刮走很远，落稳后呆住好一会才能意识到周围环境已经变了。,共鸣-携带的「虫鸣」技能威力+20。,普通-虫,433,74,19,87,84,73,96,2,25,,0.53-0.76,0.65-1.68,昆虫组-植物组,雄性 50% / 雌性 50%,旋叶虫进化链,是,是,否
120,风滚暮虫,拟态精灵,借风而行的精灵，利用风把自己带离原地，遇到水面或湿润区域就停下来休息。滚动的时候可以帮助植物传播种子。性情温和，对精灵的幼年体都照顾有加，因此与不少精灵能维持友好的关系。,共鸣-携带的「虫鸣」技能威力+20。,普通-虫,542,93,24,109,105,91,120,3,45,,0.6-0.7,1.45-3.43,昆虫组-植物组,雄性 50% / 雌性 50%,旋叶虫进化链,是,是,否
121,小黑猫,猫精灵,在白天，小黑猫们经常闭上眼睛，揣着手休息，如果冒昧地扒开它们的眼皮，会发现很多时候并没有在睡觉，有一种说法：小黑猫闭眼就是在思考。,预警-若敌方技能足够击败自己，回合开始时自己获得速度+50。,普通,491,119,42,99,72,103,56,1,0,,0.55-0.65,3.1-4.5,动物组-妖精组,雄性 50% / 雌性 50%,小黑猫进化链,否,是,否
122,黑猫巫师,猫精灵,夜晚总是在看星星，长久地观察星空和白天不停地思考，似乎让它们拥有了占卜的能力。偶尔会看到有小洛克拿着可可果去拜托黑猫巫师帮忙预测期末考试题。,预警-若敌方技能足够击败自己，回合开始时自己获得速度+50。,普通,615,149,53,124,90,129,70,2,40,,0.85-0.97,8.1-9.5,动物组-妖精组,雄性 50% / 雌性 50%,小黑猫进化链,否,是,否
123,忽幽狸,狸精灵,忽幽狸的尾巴覆盖着剧毒尖刺，静止时会伪装成灌木枝条。当感知到危险，尾巴会瞬间硬化成防御姿态，刺尖分泌的神经毒素能使猎物肌肉僵直。检测显示，其毒素对草系精灵效果加倍。,下黑手-敌方精灵离场后，更换入场的精灵获得5层中毒。,幽-毒,493,78,87,84,84,56,104,1,0,,0.76-1.09,8.3-9.8,动物组-拟人组,雄性 50% / 雌性 50%,忽幽狸进化链,否,否,否
124,影狸,狸精灵,总是弓着身子，脊椎特化为毒刺弹射装置，用来发射尾巴上的尖刺。体内另外储存了几十根可再生的空心毒刺，通过弹射加压能以每秒10发的速度喷射。,下黑手-敌方精灵离场后，更换入场的精灵获得5层中毒。,幽-毒,616,97,109,105,105,70,130,2,36,,1.11-1.59,23.5-37.5,动物组-拟人组,雄性 50% / 雌性 50%,忽幽狸进化链,否,否,否
125,多多,帽帽精灵,头部帽子一样的组织触感舒适，冰凉弹软。受到惊吓的话，会从头部喷射出大量毒液，之后迅速缩起陷入昏厥状态。,毒牙-使敌方获得中毒时，也会使其获得物攻-40%和速度-40。,毒-地,335,51,53,53,80,44,54,1,0,,0.45-0.65,14.6-18.6,拟人组,雄性 50% / 雌性 50%,多多进化链,否,否,否
126,多啦多,帽帽精灵,头部的粘液组织十分不稳定，情绪激动时甚至会掉落一部分。受到刺激后粘液会挥发到空气中，释放致幻毒素。,毒牙-使敌方获得中毒时，也会使其获得物攻-40%和速度-40。,毒-地,446,68,70,70,107,59,72,2,16,,0.58-0.83,28.5-34.6,拟人组,雄性 50% / 雌性 50%,多多进化链,否,否,否
127,古啦多,帽帽精灵,头部突起越复杂代表着年龄越大，突起内部充斥剧毒毒液，被一层外套膜包裹起来。遇到危险时，会释放更为强大的致幻毒素，但是并不致命。因此，部分洛克因为想要致幻体验，而专门寻找它们。,毒牙-使敌方获得中毒时，也会使其获得物攻-40%和速度-40。,毒-地,559,85,88,88,134,74,90,3,36,,0.69-0.99,43.5-58.6,拟人组,雄性 50% / 雌性 50%,多多进化链,否,否,否
128,哭哭菇,菇精灵,成群地栖息在潮湿少光的地域，分泌出来的黏液具有独特的气味，引诱旅人深入密林，吸入过多这种气体便会不停流泪。,吸积盘-回合结束时，敌方获得2层星陨印记。,幻,279,74,38,41,30,60,36,1,0,,0.33-0.47,1.8-3.2,植物组,雄性 50% / 雌性 50%,哭哭菇进化链,否,否,否
129,怖须菇,菇精灵,会将身体埋入土壤中，依靠独特的腺体将吸收的水分转化为带有毒性的黏液，干燥与炎热时，散发的气味微微发酸，闻到会想起悲伤的事情。,吸积盘-回合结束时，敌方获得2层星陨印记。,幻,372,99,50,55,40,80,48,2,24,,0.69-0.99,8.72-15.6,植物组,雄性 50% / 雌性 50%,哭哭菇进化链,否,否,否
130,怖哭菇,菇精灵,长期在暗处生存，双目视觉逐渐退化，演化出了胸前能够探测、储存幻系能量的触手。幻系能量凝聚在菌柄中，赋予了其极强的再生能力，即便是经过火焰的炙烤，依旧能迅速生出饱满的躯体。,吸积盘-回合结束时，敌方获得2层星陨印记。,幻,466,124,63,69,50,100,60,3,38,,1.23-1.76,22.5-28.6,植物组,雄性 50% / 雌性 50%,哭哭菇进化链,否,否,否
131,恶魔狼,狼精灵,胸前的毛发非常粗糙，似乎能够起到保护作用。能够在战场上高速地移动，迅猛的前爪攻击十分有力。,悲悯-己方队伍中每有1只力竭的精灵，自己获得双攻+30%。,恶,548,115,114,45,91,63,120,1,0,,1.23-1.76,74.0-92.0,动物组,雄性 50% / 雌性 50%,恶魔狼进化链,否,是,是
132,小电企鹅,企鹅精灵,它们生活在寒冷的水域，会用头顶的晶体吸收空气里的电能量。当能量充足时，晶体表面会浮现细碎的亮纹和电光。偏爱暴雪与打雷的天气，风雪越大、雷声越近，它们越活跃。,超负荷-攻击技能获得迸发：敌方获得全技能能耗+1。,冰-电,467,75,45,101,59,87,100,1,0,,0.44-0.56,3.82-5.39,天空组,雄性 50% / 雌性 50%,小电企鹅进化链,否,否,否
133,电企鹅,企鹅精灵,常成群扎堆出现来汲取更充沛的电能量，在寒冷区域居民的传说里，电企鹅大量聚集往往预示极端天气将至，当地还有个习俗——如果遇到雷暴天气，就把电企鹅放在房顶上，可以避免雷电损坏房屋。,超负荷-攻击技能获得迸发：敌方获得全技能能耗+1。,冰-电,583,94,56,126,73,109,125,2,32,,0.9-1.14,14.6-26.9,天空组,雄性 50% / 雌性 50%,小电企鹅进化链,否,否,否
134,雪豆丁,冰冰凉精灵,出生后被父母放置在雪窝里，进食补充的能量会在冬眠时令身躯快速成长。大手大脚的雪豆丁习惯于翻滚着移动。思维直接，比较容易发脾气，可以抚摸脑袋令其冷静。,结晶水-初始能量为0，入场前己方精灵每放1次冰系技能，回复3能量。,冰,429,97,104,47,83,62,36,1,0,,0.86-1.23,9.5-12.5,拟人组-巨灵组,雄性 50% / 雌性 50%,雪豆丁进化链,否,否,否
135,雪蛮人,冰冰凉精灵,上肢沉重却灵活，体表鬃毛格外厚重，兼具保暖与防护的功能。吸收的寒气能够压缩后储存在脊背和额头上，形成坚实有力的冰晶，用以保持平衡和击打对手。,结晶水-初始能量为0，入场前己方精灵每放1次冰系技能，回复3能量。,冰,574,130,139,63,111,83,48,2,28,,1.11-1.59,59.0-76.0,拟人组-巨灵组,雄性 50% / 雌性 50%,雪豆丁进化链,否,否,否
136,雪巨人,冰冰凉精灵,雪巨人感官极其敏锐，能感受到天气和气温的微小变化，会在族群的幼崽沉睡时巡逻保护它们。双臂能够撑地进行超远距离跳跃，在雪山里飞速前进，跳跃时在岩石上留下后足形状。,结晶水-初始能量为0，入场前己方精灵每放1次冰系技能，回复3能量。,冰,718,162,174,79,139,104,60,3,40,,1.61-2.31,156.0-187.0,拟人组-巨灵组,雄性 50% / 雌性 50%,雪豆丁进化链,否,否,否
137,呼呼猪,圆滚滚精灵,得益于能够分泌疏水性油脂的皮脂腺，皮毛紧实而油亮，既防水又防寒。四肢短而粗壮，跑起来很快，奔跑时偶尔轻微摆动尾巴用来保持平衡。,冻土-每携带1个冰系技能进入战斗，地系技能威力+10%。,冰-地,463,98,95,33,88,81,68,1,0,,0.52-0.75,6.8-8.9,动物组,雄性 50% / 雌性 50%,呼呼猪进化链,否,否,是
138,獠牙猪,圆滚滚精灵,身躯看似圆润，但其实十分健壮灵活，拥有令人意想不到的爆发力，即使在冰天雪地里，也非常有活力。,冻土-每携带1个冰系技能进入战斗，地系技能威力+10%。,冰-地,579,123,119,41,110,101,85,2,33,,0.77-1.1,52.8-67.4,动物组,雄性 50% / 雌性 50%,呼呼猪进化链,否,否,是
139,雪娃娃,守望精灵,它对洛克族异常友好，面对温暖的抚摸与拥抱也从不抗拒。传说它们是最早与洛克建立契约的种族之一，耳朵的轮廓正像星之链在契约双方之间勾勒出的形状。,冰封-在场时，敌方全技能能耗+1。,冰,385,56,67,67,63,63,69,1,0,,0.29-0.42,6.8-8.16,妖精组,雄性 50% / 雌性 50%,雪娃娃进化链,否,否,否
140,冰封怨灵,守望精灵,缔结契约的向往更明显，甚至会主动靠近潜在契约者，似乎由冰元素和某种尚不清楚的物质构成，推测该物质来自强烈的信念与精神力，使它们的契约更稳定、也更难被外力改变。,冰封-在场时，敌方全技能能耗+1。,冰,515,75,90,90,84,84,92,2,26,,0.96-1.37,24.5-31.6,妖精组,雄性 50% / 雌性 50%,雪娃娃进化链,否,否,否
141,雪灵,守望精灵,只有当契约者死亡的时候才会寻找下一位契约者。假如原契约者活着，但它们必须更换契约者的话，可能会自我了结生命。,冰封-在场时，敌方全技能能耗+1。,冰,643,94,112,112,105,105,115,3,42,,1.09-1.56,56.4-68.4,妖精组,雄性 50% / 雌性 50%,雪娃娃进化链,否,否,否
142,大耳帽兜,兔精灵,全身覆满白色绒毛，能抵御寒冷，仔细观察它们的毛毛分为两种，一种是顺滑纤细的针毛，另一种是又软又密的绒毛。虽然体型小，但却不畏惧寒冷，小小的手爪柔软又温暖。似乎喜欢抱抱。,捉迷藏-使敌方获得冻结时，也会使其获得全技能能耗+1。,冰-萌,370,78,62,59,39,78,54,1,0,,0.39-0.42,8.39-10.7,妖精组-拟人组,雌性 100%,大耳帽兜进化链,否,是,是
143,帽兜娃娃,伴生精灵,头部浓密柔软的绒毛负责锁住热量，形成高效的保暖屏障，减少温度流失，兜帽形态的头部结构也可以有效防风。同种族喜欢聚集在一起，贴着脑袋，发热保暖。可能因为这种习性，它们产生了一些社会性。,捉迷藏-使敌方获得冻结时，也会使其获得全技能能耗+1。,冰-萌,493,104,83,78,52,104,72,2,32,,0.4-0.57,19.05-26.8,妖精组-拟人组,雌性 100%,大耳帽兜进化链,否,是,是
144,雪影娃娃,伴生精灵,进化后头部绒毛完全脱落，褪去的绒毛承载着进化前的回忆，被制作成一个毛绒娃娃。毛绒娃娃如果能抵御一个严冬就可以获得生命，过程中需要雪影娃娃的悉心养护。,捉迷藏-使敌方获得冻结时，也会使其获得全技能能耗+1。,冰-萌,617,130,103,98,66,130,90,3,48,,0.64-0.92,31.8-36.6,妖精组-拟人组,雌性 100%,大耳帽兜进化链,否,是,是
145,权杖-Ⅱ,科技精灵,黄金时代的工匠们曾将占星与炼金并列为同一门学问的两种语言。于是他们以火焰为芯，以螺纹为骨，铸成了权杖。现在只有极少量留存下来。,机械变式-若回合内自己携带的技能位置发生变化，该技能能耗永久-1。,机械,522,82,84,78,109,109,60,1,0,,0.45-0.55,28.5-35.7,机械组,雄性 50% / 雌性 50%,权杖-Ⅱ进化链,否,否,否
146,权杖-V,科技精灵,在充满斗争与冲突的时代中诞生的精灵，背负着工匠们的意志、行动与他们所点燃的第一把火。在诞生之初能向周围的机械精灵发出统一指令，它们能协调队列、分配任务，让贵族看到了机械系精灵无限的可能性。,机械变式-若回合内自己携带的技能位置发生变化，该技能能耗永久-1。,机械,652,103,105,97,136,136,75,2,40,,0.95-1.05,98.0-108.0,机械组,雄性 50% / 雌性 50%,权杖-Ⅱ进化链,否,否,否
147,灵狐,狐精灵,鼻子呼出热热的气可能会灼伤小洛克的手，如果在雪山不小心被冻伤，去拜托灵狐帮忙吹一口热气，冻伤瞬间就会痊愈了。,灵魂灼伤-冰系技能使敌方获得4层灼烧，火系技能使敌方获得2层冻结。,火-冰,347,69,52,52,50,64,60,1,0,,0.56-0.8,7.4-8.9,动物组,雄性 50% / 雌性 50%,灵狐进化链,否,否,是
148,九尾狐,狐精灵,尾巴里储存着强大的魔力，能够释放一种特殊的雪魔法，保护越冬作物免受冻害、消灭土壤中害虫，如果在冬天的农田里看到九尾狐出现，就知道明年一定会丰收。,灵魂灼伤-冰系技能使敌方获得4层灼烧，火系技能使敌方获得2层冻结。,火-冰,465,92,70,70,67,86,80,2,30,,0.77-1.11,13.08-21.05,动物组,雄性 50% / 雌性 50%,灵狐进化链,否,否,是
149,尖嘴狐仙,狐仙精灵,尖嘴狐仙能通过感知大地的温度变化来预测农时。当它摇着尾巴经过农田时，尾巴扇动的气流会形成特殊的暖湿环流，让田地在寒冷的初春也能保持适宜作物生长的温度。,灵魂灼伤-冰系技能使敌方获得4层灼烧，火系技能使敌方获得2层冻结。,火-冰,580,115,87,87,84,107,100,3,50,,1.34-1.92,69.5-78.5,动物组,雄性 50% / 雌性 50%,灵狐进化链,否,否,是
150,里奥,翼系精灵王,有着圆滚滚的身躯，小小的翅膀还无法熟练飞翔，却能和愿力发生共鸣，从而获得力量。“和伙伴在一起的安全感连美食都不能替代。即使有时候像个小跟屁虫也无所谓。”,飓风-对本精灵的技能，若其他翼系精灵携带相同技能，则获得迅捷。被敌方精灵击败时，自己额外损失1点魔力。,翼,411,79,65,65,77,50,75,1,0,,0.35-0.45,4.8-5.9,,雄性 50% / 雌性 50%,里奥进化链,否,否,否
151,灵羽勇士,翼系精灵王,弱小的家伙为了伙伴却愿意勇敢向前！光羽圣殿的门扉悄然开启，沐浴在圣光之力的启迪中，澎湃的力量汹涌而来。“它的思绪已沉醉在无垠的天际中，这片蓝天便是它魂牵梦绕的地方。”,飓风-对本精灵的技能，若其他翼系精灵携带相同技能，则获得迅捷。被敌方精灵击败时，自己额外损失1点魔力。,翼,547,105,87,87,102,66,100,2,28,突破1次,0.55-0.65,11.5-14.2,,雄性 50% / 雌性 50%,里奥进化链,否,否,否
152,圣羽翼王,翼系精灵王,庇佑这片纯粹的净土，是拥有强大力量之后背负的使命。从上古壁画中得知尘封的过往，它寻求力量，发自内心地想要保护现在的一切。“张开圣洁的羽翼，为同伴抵挡风雨，便是它心中的圣歌。”,飓风-对本精灵的技能，若其他翼系精灵携带相同技能，则获得迅捷。被敌方精灵击败时，自己额外损失1点魔力。,翼,686,132,109,109,128,83,125,3,40,累计突破2次,2.1-2.55,195.0-296.0,,雄性 50% / 雌性 50%,里奥进化链,否,否,否
153,松仔,松羊精灵,如果察觉到小洛克踏入森林，它们会把角塞在树杈中间伪装松果，诱使小洛克靠近观察。被林间露水打湿的话它们会结伴去晒太阳，晒太阳的时候会散发香香的味道。,野性感官-应对成功后，下次行动先手+1。,草-武,380,63,83,34,77,60,63,1,0,,0.52-0.68,6.25-7.85,动物组,雄性 50% / 雌性 50%,松仔进化链,否,否,否
154,松叶羊,松羊精灵,刚刚经历换角，松果模样的角脱落，身上的针叶变得锋利，逐渐觉醒领地意识。换角的过程中不要贸然靠近，不然会被踢出几米远。被踢的时候可以闻到它们身上带着森林中泥土和青草的香味。,野性感官-应对成功后，下次行动先手+1。,草-武,507,84,111,46,102,80,84,2,16,,1.08-1.33,19.09-28.06,动物组,雄性 50% / 雌性 50%,松仔进化链,否,否,否
155,针叶巡林,松羊精灵,"丛林的向导，拥有修长的四肢与轻盈的骨骼结构，发育完全的角呈树枝状。“所谓的规则像是枝条，又好像荆棘。被缠上时使人烦躁，被刺伤时让人疼痛。但规则也有如树干，在支撑着森林的生命——所谓自由，亦是如此""。",野性感官-应对成功后，下次行动先手+1。,草-武,634,105,139,57,128,100,105,3,36,,1.86-2.14,56.8-69.02,动物组,雄性 50% / 雌性 50%,松仔进化链,否,否,否
156,小勇狮,炎狮精灵,喉咙处有容纳火系魔法的身体结构，在小勇狮身上还不太明显，偶尔能发现它打喷嚏的时候会喷出小火花。,圣火骑士-应对成功后，下次攻击威力翻倍。,火-武,358,82,31,66,53,78,48,1,0,,0.67-0.81,8.5-12.05,动物组,雄性 50% / 雌性 50%,小勇狮进化链,否,否,否
157,炽焰狮,炎狮精灵,只是咆哮就能点燃空气，附着火系魔法的利爪能撕裂岩石。喉咙处的火囊发育成熟，可以喷吐高温火球，但偶尔会因能量过载而引发小型爆炸。,圣火骑士-应对成功后，下次攻击威力翻倍。,火-武,478,110,41,89,70,104,64,2,16,,1.12-1.45,46.02-67.05,动物组,雄性 50% / 雌性 50%,小勇狮进化链,否,否,否
158,炽心勇狮,炎狮精灵,不休的守护者，甚至能将无私守护的意志凌驾于一般契约之上。虽然性格高傲，但对认可的伙伴极为忠诚。拥有永不熄灭的火焰心脏，绝对的正义是支持烈焰的力量源泉。 “让我见识看看吧，你的正义之心！”,圣火骑士-应对成功后，下次攻击威力翻倍。,火-武,597,137,51,111,88,130,80,3,36,,1.78-1.97,94.7-118.05,动物组,雄性 50% / 雌性 50%,小勇狮进化链,否,否,否
159,水滴蛇,水蛇精灵,和水滴蛇对上眼神的时候，最好保持礼貌并尝试解答它们留下的难题，如果拒绝回答或敷衍，往往会招来恶作剧，让你在不知不觉中迷路或错过冒险的宝藏。,思维之盾-应对成功后，下次行动技能能耗-5。,水-武,378,63,66,62,62,62,63,1,0,,0.53-0.69,2.25-4.1,两栖组-妖精组,雄性 50% / 雌性 50%,水滴蛇进化链,否,否,否
160,水蛇锁,水蛇精灵,水蛇锁经常悄悄靠近洛克，没有半点声响。它们不以贪婪著称，也不说谎。它们的目的是汲取你的知识。试试用最珍贵的知识与它交换，或许就能平安离开。,思维之盾-应对成功后，下次行动技能能耗-5。,水-武,505,84,88,83,83,83,84,2,16,,0.94-1.2,18.07-27.05,两栖组-妖精组,雄性 50% / 雌性 50%,水滴蛇进化链,否,否,否
161,游蛇魔使,水蛇精灵,真理的引路人，传闻它们最初的使命早已失败，但仍在守望，守望古老预言的验证，或是等待一段新的契约。它们拥有修长柔软的尾巴，据说尾巴尖端可以打开远古的知识之门。“真理从不主动现身——你愿意推开这扇门吗？”,思维之盾-应对成功后，下次行动技能能耗-5。,水-武,630,105,110,104,103,103,105,3,36,,2.15-3.0,71.05-86.05,两栖组-妖精组,雄性 50% / 雌性 50%,水滴蛇进化链,否,否,否
162,公平鸽,公平精灵,第一、绝对不放过任何争执！第二、绝对不能因为睡过头晚到现场！第三、绝对要公正裁判！第四、绝对要在被双方驱逐之前做出判决。——《公平鸽的守则》,衡量-入场时，复制敌方的增益。在场时，若敌方获得增益自己也会获得。,普通,649,113,93,93,125,125,100,1,0,,0.45-0.6,2.5-3.94,天空组,雄性 50% / 雌性 50%,公平鸽进化链,否,否,是
163,小怂猫,小熊猫精灵,胆量极小的精灵，曾因极少被观测记录，被王国记录为已灭绝的物种。翼膜上的眼状图案可以吓退大多数天敌，遇到敌人会张开双臂一动不动地站着，一直到对方离开或者自己昏厥。,威慑-打断敌方时，被打断的技能进入2回合冷却。,武,522,74,106,101,89,76,76,1,0,,0.59-0.84,19.6-22.5,动物组-拟人组,雄性 50% / 雌性 50%,小怂猫进化链,否,否,否
164,怒目怂猫,小熊猫精灵,胸脯处长着结构独特的气囊，能够迅速膨起至数倍大，形状像是血盆大口，可以吓退敌人。想回到正常姿势需要排出胸脯中的气体，排气的时候会发出非常可爱的声音，一般会在没有其他生物看到的时候偷偷排气。,威慑-打断敌方时，被打断的技能进入2回合冷却。,武,651,92,132,126,111,95,95,2,36,,1.3-1.65,64.5-78.5,动物组-拟人组,雄性 50% / 雌性 50%,小怂猫进化链,否,否,否
165,小狮鹫,蛋壳精灵,只能勉强顶破头部的壳，剩余的蛋壳会陪伴小狮鹫度过幼年时期，能够保护尚且脆弱的羽毛。流线型的蛋壳构造还能减小风阻，丝毫不会影响行动。,乘风连击-使用翼系技能后，获得连击数+1。,翼,362,64,70,41,76,39,72,1,0,,0.71-1.02,11.5-17.5,动物组-天空组,雄性 50% / 雌性 50%,小狮鹫进化链,是,否,否
166,神圣狮鹫,狮鹫精灵,悬崖间的风往往更加凶猛，崖间的狮鹫家族在这里锻炼出能抵抗风阻的飞行能力，身上的羽毛多为修长的硬羽而较少绒毛，在乱流里也稳住身形并快速调整航向。,乘风连击-使用翼系技能后，获得连击数+1。,翼,483,85,93,55,102,52,96,2,32,,1.01-1.44,49.5-56.8,动物组-天空组,雄性 50% / 雌性 50%,小狮鹫进化链,是,否,否
167,皇家狮鹫,狮鹫精灵,为了适应强风阻演化出了流线型的面部长羽，微微压住瞳孔是为了在崖间穿梭时更好地视物。尾羽更加修长，能够有效引导风的流动方向，让飞行更加省力和稳定。,乘风连击-使用翼系技能后，获得连击数+1。,翼,604,107,116,69,127,65,120,3,46,,1.72-2.45,125.0-170.5,动物组-天空组,雄性 50% / 雌性 50%,小狮鹫进化链,是,否,否
168,圆眼蜘蛛,蜘蛛精灵,幼体的圆眼蜘蛛并不太能织网捕食，多以青草，树果为食。复眼获取信息范围极大，速度极快，即便是独眼，圆眼蜘蛛获取信息速度远超过洛克族100倍。,毒腺-使用能耗小于等于1的技能时，敌方获得4层中毒。,虫,337,55,53,53,55,55,66,1,0,,0.48-0.68,3.5-5.0,昆虫组,雄性 50% / 雌性 50%,圆眼蜘蛛进化链,否,否,否
169,尖角蜘蛛,蜘蛛精灵,各关节都覆盖着绒毛，绒毛可以疏水和保暖。在湿滑的雨天也可以自由行走，世界的动态在它们眼里显得很慢，所以大部份尖角蜘蛛都是急性子。,毒腺-使用能耗小于等于1的技能时，敌方获得4层中毒。,虫-毒,448,74,70,70,73,73,88,2,24,,0.68-0.98,7.75-9.6,昆虫组,雄性 50% / 雌性 50%,圆眼蜘蛛进化链,否,否,否
170,芋香巨角蛛,蜘蛛精灵,颜色鲜艳美丽，尾部丝囊中的液体有剧毒，织出的蜘蛛网散发异香。依靠体毒和利刺能轻易捕获猎物，从不群居，个体之间都保持一定距离，互不侵犯。,毒腺-使用能耗小于等于1的技能时，敌方获得4层中毒。,虫-毒,560,92,88,88,91,91,110,3,40,,0.9-1.29,31.75-43.6,昆虫组,雄性 50% / 雌性 50%,圆眼蜘蛛进化链,否,否,否
171,波波螺,海螺精灵,经常频繁抖动身体，推测是缓解外壳生长带来的不适感。它们常集体排成一列迎向海浪，借助外壳的结构消解冲击。浪头拍来时会张口吸入送上门的食物，连很硬的东西也能消化。,消波块-每携带1个水系技能进入战斗，地系技能能耗-1。,地-水,380,67,59,59,87,66,42,1,0,,0.32-0.42,4.85-5.65,两栖组-大地组,雄性 50% / 雌性 50%,波波螺进化链,是,否,否
172,消波螺,海螺精灵,进化后，外壳生长速度更快，更需要精心维护——它们会定期在岩石上打磨外壳。个体之间还会互相叠在一起摩擦打磨，发出“砰砰”的声响。若较长时间没有打磨，行动会明显变慢。,消波块-每携带1个水系技能进入战斗，地系技能能耗-1。,地-水,505,89,78,78,116,88,56,2,16,,0.68-0.82,46.5-69.9,两栖组-大地组,雄性 50% / 雌性 50%,波波螺进化链,是,否,否
173,嗜波螺,海螺精灵,在海浪冲击下，演化出坚韧的矿物质石柱外壳，是一种非常稳定的消波结构，能把浪涌的力量层层化解。声音在石柱间隙中不断反射产生共鸣，能发出类似海浪的声音。,消波块-每携带1个水系技能进入战斗，地系技能能耗-1。,地-水,634,112,98,98,146,110,70,3,32,,1.2-1.6,86.8-113.0,两栖组-大地组,雄性 50% / 雌性 50%,波波螺进化链,是,否,否
174,菇菇丁,菇精灵,“你知道吗？菇菇丁早已建立了广阔的地下王国，它们的菌丝体蔓延到整片森林，链接着许多土壤，将沾染了星星魔法碎屑的砂土和木头转化为魔法力量，循环利用，它们才是这片森林的主人！”,多人宿舍-自己的能量可以超过能量上限。,地-草,396,89,66,62,75,62,42,1,0,,0.25-0.35,1.1-2.76,植物组,雄性 50% / 雌性 50%,菇菇丁进化链,否,否,否
175,多菇丁,菇精灵,“又有了新的发现，多菇丁埋地时，是在通过菌丝体往地下传播信号，向其他菇精灵发出指令，它们信号的语言结构和古文字非常相似，也许它们的历史远比洛克以为的要早得多。”,多人宿舍-自己的能量可以超过能量上限。,地-草,528,119,88,83,100,82,56,2,36,天气小雨/大雨,0.6-0.7,5.4-6.8,植物组,雄性 50% / 雌性 50%,菇菇丁进化链,否,否,否
176,九幽菇,菇精灵,“在古老的遗迹中发现了九幽菇的石雕，当时的洛克对九幽菇充满了崇拜，它们会在仪式上围着九幽菇唱歌，并在祭祀的指导下服用其孢子，进入幻觉，企图沟通神明，然而也存在接触它的孢子太久而神志不清的情况，等等，难道我也……”,多人宿舍-自己的能量可以超过能量上限。,地-草,660,149,110,103,125,103,70,3,48,天气小雨/大雨,1.55-1.65,42.0-58.0,植物组,雄性 50% / 雌性 50%,菇菇丁进化链,否,否,否
177,斑斑,猫头鹰精灵,和噜噜家族是远亲，但几乎从不联系，即使是同种族的斑斑们互相之间也并不亲近。从蛋里孵出来之后就非常独立了，经常迈着毛茸茸的小腿，挥着小小的翅膀巡视领地，十分高傲。,逐魂鸟-能耗小于等于1的攻击技能，无法对自己造成伤害。,翼,532,87,90,90,82,91,92,1,0,,0.47-0.6,4.79-6.17,天空组,雄性 50% / 雌性 50%,斑斑进化链,否,否,是
178,斑枭,猫头鹰精灵,和洛克相交甚少的种族，拥有比较强的野性和攻击性。如果在领地内看到生面孔，可能俯冲下来攻击对方，拥有出色的深度感知能力和夜视能力，即使藏在阴影处也难以逃过它的双眼。,逐魂鸟-能耗小于等于1的攻击技能，无法对自己造成伤害。,翼,664,109,112,112,102,114,115,2,30,,0.68-0.81,15.9-23.8,天空组,雄性 50% / 雌性 50%,斑斑进化链,否,否,是
179,草头鸭,鸭仔精灵,眼睛长在两侧，不停地转动，不知道是不是在思考，很难解读它的行为规律。视觉范围有360度，从任何方向接近都会被它发现。,得寸进尺-天气为雨天，或处于其他水系环境中时，获得双攻+100%。,草,403,92,79,24,66,50,92,1,0,,0.5-0.72,4.9-6.57,两栖组-天空组,雄性 50% / 雌性 50%,草头鸭进化链,否,否,否
180,卷毛鸭,健身精灵,身形与洛克近似，空洞的目光仿佛若有所思。头顶的毛发十分柔软，自然卷曲，这在鸭精灵中十分少见。,得寸进尺-天气为雨天，或处于其他水系环境中时，获得双攻+100%。,草-武,504,116,98,29,83,63,115,2,40,,0.9-1.29,35.8-48.06,两栖组-天空组,雄性 50% / 雌性 50%,草头鸭进化链,否,否,否
181,海豹战士,海盗精灵,圆润的身躯游得飞快，皮肤非常滑溜，十次抓捕中九次都要被它溜走。喜欢被紧挨着或被挤压着的感觉，经常成群结队地出没，迷路的时候，也会一整群一起迷路。,身经百练-己方精灵每应对1次，自己入场时水系和武系技能威力+20%。,武-水,481,72,91,87,89,62,80,1,0,,0.64-0.92,69.5-87.6,动物组-两栖组,雄性 50% / 雌性 50%,海豹战士进化链,否,否,否
182,海豹船长,海盗精灵,由聪慧且经验丰富的海豹战士进化而来，拥有极强的领地意识。这一物种对征服有极端的渴望，认为其他精灵都要臣服于它们。会指挥手下的海豹战士战斗。,身经百练-己方精灵每应对1次，自己入场时水系和武系技能威力+20%。,武-水,600,90,113,109,111,77,100,2,40,,1.26-1.8,145.0-165.0,动物组-两栖组,雄性 50% / 雌性 50%,海豹战士进化链,否,否,否
183,号儿鱼,小号精灵,拥有中空结构的尾巴，空气和水流过的时候会发出小号一样响亮的声音。非常喜欢社交的生物，经常举办盛大的音乐会，不同的小号精灵会轮流展示自己的音乐才华，创造出令人惊叹的合奏。,泛音列-使用状态技能后，敌方获得「聒噪」技能的效果，持续3回合。,水,438,90,24,76,76,88,84,1,0,,0.31-0.42,3.9-5.25,海洋组-妖精组,雄性 50% / 雌性 50%,号儿鱼进化链,否,否,否
184,圆号鱼,圆号精灵,会专门去矿物质丰富的水域，通过吸收矿物质来调整背部结构，达到调音的目的。群居，每天早上起来一齐练声，巨大的合奏声能唤醒周围水域的所有生物，喜欢安静的精灵们不愿意住在它们旁边。,泛音列-使用状态技能后，敌方获得「聒噪」技能的效果，持续3回合。,水,549,113,31,95,95,110,105,2,36,,0.79-0.98,10.9-15.8,海洋组-妖精组,雄性 50% / 雌性 50%,号儿鱼进化链,否,否,否
185,甜田螺,硬壳精灵,它们进食较少，通过经常睡觉来维持体内养分的平衡。只有在海水退潮时才偶尔会出现在沙滩上，在醒着的时候才会立起来，每天大概只有五分之一的时间是醒着的。,守护者-己方其他精灵每有1层萌化，自己入场时全技能能耗-1。,水-萌,393,68,67,70,54,80,54,1,0,,0.41-0.58,7.5-9.4,妖精组-软体组,雌性 100%,甜田螺进化链,否,否,否
186,壳乙螺,硬壳精灵,生活在螺壳里，似乎对壳外面的世界不太关心，多数时间都躲在壳内睡觉，对食物的香味比较敏感，可以用食物引诱出来。,守护者-己方其他精灵每有1层萌化，自己入场时全技能能耗-1。,水-萌,525,91,89,94,72,107,72,2,32,,0.68-0.97,11.05-19.04,妖精组-软体组,雌性 100%,甜田螺进化链,否,否,否
187,卡洛儿,守护精灵,有些呆，不论交给它们什么东西，都会用心地放进自己的壳里。如果能找到办法和它们交流的话，它可能会从螺壳里拿出意想不到的东西作为礼物。,守护者-己方其他精灵每有1层萌化，自己入场时全技能能耗-1。,水-萌,657,114,112,117,90,134,90,3,44,,0.7-1.0,21.4-25.6,妖精组-软体组,雌性 100%,甜田螺进化链,否,否,否
188,棋棋,棋子精灵,“黄金时代地系部族大多无法运用魔力，但他们有着独特的智慧和精湛的技艺。地系精灵王教他们使用建造之术，地系部族用黑色矿物做出了棋子精灵，用以娱乐”——《黄金时代的地系工匠们·二》,腾挪-攻击技能应对1次后，回满能量和生命，变为棋绮后。,武-地,434,72,100,36,70,56,100,1,0,,0.35-0.47,10.7-14.5,妖精组,雄性 50% / 雌性 50%,棋棋进化链,是,是,否
189,棋骑士,棋子精灵,“棋棋的祖先们曾与地系族人相伴而生，地系部族周围多蛮兽。白天棋棋们陷入沉睡，被当作孩子的玩具，在聚落里四处滚动。夜晚则遵循着古老的指令，纷纷醒来守护着部族，替人们守夜巡逻”——《黄金时代的地系工匠们·三》,腾挪-攻击技能应对1次后，回满能量和生命，变为棋绮后。,武-地,543,90,126,45,88,69,125,2,26,生涯累计击败[棋骑士]3只 + 雄性,0.98-1.35,43.06-60.09,妖精组,雄性 100%,棋棋进化链,是,是,否
190,棋齐垒,棋子精灵,“黑白棋子们有类似铠甲一样的外形，民间传闻中白银骑士团的盔甲就是模仿它们建造的，但也有另外一种说法是地系部族的族人参与了白银骑士团的盔甲制造，真实性都已不可考”——《黄金时代的地系工匠们·五》,保卫-防御技能应对2次后，回满能量和生命，变为棋绮后。,武-地,489,89,94,38,116,77,75,2,26,生涯击败[棋齐垒]3只 + 雄性,1.45-1.71,58.01-70.05,妖精组,雄性 100%,棋棋进化链,是,是,否
191,棋祈督,棋子精灵,“黄金时代过去后，棋棋开始了流浪，保护族人的遗痕行为一直在影响着它们，它们会主动寻找人文聚落，试图融入洛克的社会。也有部分出现在野外，这些野生的棋棋手感不如家养棋棋温润，干巴巴的有些粗糙”——《黄金时代的地系工匠们·八》,好象坏象-状态技能应对1次后，回满能量和生命，变为棋绮后。,武-地,547,126,87,87,90,72,85,2,26,生涯累计击败[棋祈督]3只 + 雄性,0.98-1.35,38.07-47.05,妖精组,雄性 100%,棋棋进化链,是,是,否
192,棋绮后,棋子精灵,“最初只有黑色棋子，后来地系工匠意外发现了光之水晶，打造了白色的棋子。黑白子交替轮班，互不相见，却共同守护地系部族。它们换班对峙时，不同棋子有各自的行走规则，逐渐发展成象棋游戏规则的雏形”——《黄金时代的地系工匠们·四》,渗透-己方精灵每使用1次武系或地系技能，自己入场时获得攻防+5%。,武-地,508,93,84,84,82,75,90,2,26,生涯击败[棋绮后]3只 + 雌性,1.66-1.81,30.01-41.02,妖精组,雌性 100%,棋棋进化链,是,是,否
193,奔波鼠,流浪精灵,毛色杂乱且粗糙，像是融合了泥土、枯叶的颜色，黑色的眼睛透露出机灵的光。它们背着自己的全部家当，在野外长期流浪，一直在路上，从未到达旅途的终点。有着健壮的身躯，但进攻意愿低，只对闪闪发光的东西兴趣浓厚。,奔波命-使用防御技能后，回合结束时脱离。,地,476,82,37,93,74,98,92,1,0,,0.46-0.6,3.71-6.4,动物组-拟人组,雄性 50% / 雌性 50%,奔波鼠进化链,否,否,否
194,流浪鼠,流浪精灵,背后鼓鼓的行囊里是更多捡来的收藏品，闪闪发光的物体对它们有着无与伦比的吸引力。不论是亮晶晶的小石子，闪着微光的菌类，还是洛克不小心遗落的饰品。在劳累之后，它们也会静静地在波光粼粼的水面望着月亮。,奔波命-使用防御技能后，回合结束时脱离。,地,594,103,46,116,92,122,115,2,32,收集10个道具,0.88-1.23,59.6-74.3,动物组-拟人组,雄性 50% / 雌性 50%,奔波鼠进化链,否,否,否
195,呆小路,蛋壳精灵,幼年期较长，主要靠嗅闻、聆听和头上叶子的触觉来获取信息。头顶毛发会散发出爆米花的香味，偶尔引来其他精灵。它们之间用互闻头顶代表问候。,营养液泡-获得增益时，额外获得层数+2。,草-萌,380,52,60,64,68,79,57,1,0,,0.58-0.83,4.5-5.8,动物组-拟人组,雄性 50% / 雌性 50%,呆小路进化链,否,否,否
196,舞动路路,芳香精灵,每只舞动路路都携带着一颗蛋，经常看到它们用头上的毛发擦拭蛋，那是它们最珍视的一部分。蓬松的毛发下看不到眼睛，主要靠头上的叶片来感受环境，身体非常灵活。,营养液泡-获得增益时，额外获得层数+2。,草-萌,507,69,80,86,91,105,76,2,26,,0.69-0.99,7.4-9.1,动物组-拟人组,雄性 50% / 雌性 50%,呆小路进化链,否,否,否
197,白发路路,芳香精灵,白色的毛发覆盖手臂和身体，随身携带的蛋散发出爆米花的香味。能从随身携带的蛋中获得勇气和力量，暂时还不清楚是什么原理。,营养液泡-获得增益时，额外获得层数+2。,草-萌,633,86,100,107,113,132,95,3,40,,0.89-1.27,15.5-21.6,动物组-拟人组,雄性 50% / 雌性 50%,呆小路进化链,否,否,否
198,逗逗,猫精灵,体内充满轻质气体，骨骼与肌肉结构都很轻，因此可以在空中漂浮活动。它通过换气调节气体量与分布，来控制自己上浮或下沉。,鼓气-使用能耗为3的技能时，获得攻防+20%。,萌,384,48,70,64,68,68,66,1,0,,0.3-0.4,0.45-1.53,动物组-巨灵组,雄性 50% / 雌性 50%,逗逗进化链,否,是,否
199,气球猫,气球精灵,外表看起来软萌，但身体其实很结实——长期保持平衡姿态，练出了稳定身体的核心肌肉。暴风雨的时候气球猫们都会紧紧抓着树或灌木，一旦松手便很可能被风吹走。,鼓气-使用能耗为3的技能时，获得攻防+20%。,萌,511,64,93,86,90,90,88,2,20,,0.41-0.59,0.95-2.15,动物组-巨灵组,雄性 50% / 雌性 50%,逗逗进化链,否,是,否
200,梦想三三,猫老师精灵,咻咻咻！听到“喵呜”一声的小洛克们请立刻拿出课本做好，魔法学院开课了！请牢记以下守则：请勿在课堂上投喂助教，请勿拉扯助教的尾巴，请勿对助教发出“嘬嘬嘬”等不尊敬的声音！,鼓气-使用能耗为3的技能时，获得攻防+20%。,萌,641,81,117,107,113,113,110,3,32,,1.18-1.45,12.04-19.04,动物组-巨灵组,雄性 50% / 雌性 50%,逗逗进化链,否,是,否
201,花怨鳗,花精灵,它们的身体具有趋触性，身躯底部会紧贴赖以生存的土地，这让它们有安全感，尤其喜欢湿润的泥土。三朵花常相互缠绕以保持接触，但也因此容易打结。当它们争执时，会发出连绵的铃声。,铃兰晚钟-首次入场时，失去自己一半的当前生命。,地-草,630,232,73,73,110,90,52,1,0,,0.58-0.68,2.9-4.0,海洋组-两栖组,雄性 50% / 雌性 50%,花怨鳗进化链,否,否,否
202,鳗尾兽,花精灵,它们的头部几乎没有视力，主要靠嘴感受气流来调整方向，偶尔会在地表横冲直撞。吼叫时会带动口中的吊钟形花朵震动，发出阵阵钟声。它们和同伴间通过这些声响，彼此交流。,铃兰晚钟-首次入场时，失去自己一半的当前生命。,地-草,788,290,91,91,138,113,65,2,26,,0.79-0.92,19.8-36.5,海洋组-两栖组,雄性 50% / 雌性 50%,花怨鳗进化链,否,否,否
203,伊雷龙,水龙精灵,幼年的小龙喜欢在雨天调皮捣蛋，充满水分的环境令它们十分活跃，在水里游得飞快，小洛克抓也抓不住它们。,嫉妒-蓄力状态下，可以使用任一携带技能。,龙,521,90,73,152,55,79,72,1,0,,0.72-0.94,27.2-34.0,飞龙组,雄性 50% / 雌性 50%,伊雷龙进化链,否,是,否
204,伊兰亚龙,水龙精灵,修长的尾鳍在空气中划过会留下水雾的痕迹，水雾持续存在形成云朵。观测显示，伊兰亚龙停留超过半小时的区域，降雨概率提升67%。干旱季节时，它们会主动迁往缺水的农田上空。,嫉妒-蓄力状态下，可以使用任一携带技能。,龙,651,112,91,190,69,99,90,2,40,,3.65-4.0,168.0-195.0,飞龙组,雄性 50% / 雌性 50%,伊雷龙进化链,否,是,否
205,拉特,沉默精灵,同伴之间经常会打架，用头或者用拳头对撞，每撞一下都会闪着电光。大多数拉特沉默寡言，但正义感十足，拉特们会出手帮助遇到麻烦的洛克和精灵。,噼啪！-入场后首次行动，所选技能使用次数+1。,电,467,67,80,80,62,78,100,1,0,,0.49-0.61,7.7-8.6,妖精组,雄性 80% / 雌性 20%,拉特进化链,否,是,是
206,酷拉,沉默精灵,能利用电能量高速移动，偶尔也会发生意外事故与同类相撞，交流时会发出“噼啪噼啪”的声音。,噼啪！-入场后首次行动，所选技能使用次数+1。,电,583,83,100,100,78,97,125,2,40,,0.99-1.24,19.5-23.5,妖精组,雄性 80% / 雌性 20%,拉特进化链,否,是,是
207,闪电环,负电精灵,总是一副不开心的样子，面对对手的时候会使出全力攻击，不论所处环境有多么危险，只要没电就会立刻陷入昏睡。,防过载保护-每次行动后脱离。,电,335,64,49,49,51,50,72,1,0,,0.37-0.46,2.4-3.1,魔力组,雄性 50% / 雌性 50%,闪电环进化链,否,否,否
208,刺电环,负电精灵,经常三三两两聚集在一起互相充电。情绪也会随着电力在同伴之间传播，群聚在一起容易变得更不开心，靠近后能听到此起彼伏的电流杂音，偶尔还有“呜呜”的声音。,防过载保护-每次行动后脱离。,电,446,85,65,65,68,67,96,2,28,,0.58-0.73,10.16-16.74,魔力组,雄性 50% / 雌性 50%,闪电环进化链,否,否,否
209,荆棘电环,负电精灵,总是会发出意义不明的“哔哔”声，似乎使用这种声音诱敌。表情看起来更加痛苦了，仿佛电力在体内循环本身就是一种负担。,防过载保护-每次行动后脱离。,电,557,106,81,81,85,84,120,3,40,,0.78-0.98,29.5-34.3,魔力组,雄性 50% / 雌性 50%,闪电环进化链,否,否,否
210,小箱怪,拟态精灵,被当作具有自我意识的宝箱，又因为与宝箱形似，变成了象征宝箱的吉祥物精灵。有些洛克会对着小箱怪祈祷好运，甚至向它投掷洛克贝许愿。,虚假宝箱-自己力竭时，敌方获得攻防+20%。,机械-幻,625,111,103,103,122,122,64,1,0,,0.34-0.46,4.45-6.81,机械组-妖精组,雄性 50% / 雌性 50%,小箱怪进化链,否,否,否
211,迷迷箱怪,拟态精灵,它们并不追逐也不恐吓，只是静静地埋伏，等待小洛克伸手想要开宝箱时，才会突然袭击。因此老练的魔法师们会说：“冒险不难，难的是抵达终点时敢不敢伸手。”,虚假宝箱-自己力竭时，敌方获得攻防+20%。,机械-幻,782,138,129,129,153,153,80,2,36,,0.64-0.72,18.02-24.4,机械组-妖精组,雄性 50% / 雌性 50%,小箱怪进化链,否,否,否
212,古钟蛇,拨浪鼓精灵,通常低伏身体，隐藏在草丛中，只露出尾巴发出咚咚咚的轻响，吸引好奇的精灵过来。其尾部的结构可以在摇晃时发出咚咚的鼓声，据说玄玉岛的洛克以此为灵感，制作出了某种广受欢迎的玩具。,拨浪鼓-己方精灵每使用1次状态技能，自己入场时毒系和萌系技能威力+10。,萌-毒,458,85,69,69,64,91,80,1,0,,0.95-1.1,6.9-7.8,动物组-两栖组,雄性 50% / 雌性 50%,古钟蛇进化链,否,否,否
213,寒音蛇,拨浪鼓精灵,拥有能分泌毒液的特殊腺体，能够通过背部空心管状的骨棘发射毒液，致使猎物晕厥。毒液会散发出腐臭的气味，有精灵或洛克靠近查看味道来源时，会猛然跃起扑击。,拨浪鼓-己方精灵每使用1次状态技能，自己入场时毒系和萌系技能威力+10。,萌-毒,574,106,87,87,80,114,100,2,38,,1.85-2.0,65.0-78.0,动物组-两栖组,雄性 50% / 雌性 50%,古钟蛇进化链,否,否,否
214,矮脚爬爬,蜘蛛精灵,足较短，翻倒后很难再顺利站起来。野外发现的矮脚爬爬里面十个有八个正在努力翻身。因为可爱的外表而受到许多小洛克的喜爱，但受惊时会咬人，致使王国只能贴出告示，警告大家不要轻易触碰。,振奋虫心-主动击败敌方后，己方队伍获得5次随机奉献。,虫,556,80,118,109,86,71,92,1,0,,0.28-0.44,3.3-4.2,昆虫组-巨灵组,雄性 50% / 雌性 50%,矮脚爬爬进化链,否,否,否
215,恶魔红钻,蜘蛛精灵,喜欢在洞穴的暗处歇息，会提前布好精细且带有剧毒的网守株待兔。步足末端布满危险的剧毒，尖锐而坚硬的触足既能用作进攻的矛，也能用作防御的盾。,振奋虫心-主动击败敌方后，己方队伍获得5次随机奉献。,虫-恶,696,100,147,137,108,89,115,2,36,,1.32-1.55,42.5-62.0,昆虫组-巨灵组,雄性 50% / 雌性 50%,矮脚爬爬进化链,否,否,否
216,火尾瓦特,利爪精灵,全身被毛又干燥又粗糙，容易产生静电现象，甚至偶尔冒出火星。它的利爪有可能是打火石，连续抓挠树木的话可能会将树木点燃。,蒸汽膨胀-己方精灵每使用1次火系技能，自己入场时获得全技能威力+10。,火,338,63,70,29,81,56,39,1,0,,0.64-0.92,18.5-21.2,巨灵组,雄性 50% / 雌性 50%,火尾瓦特进化链,否,否,否
217,火尾战士,利爪精灵,经常看到它在磨爪子，磨得发烫了才会停下。在战斗前会加热自己的身体以提升力量，有时甚至会让整个头顶的毛发燃烧起来。,蒸汽膨胀-己方精灵每使用1次火系技能，自己入场时获得全技能威力+10。,火,451,84,94,39,108,74,52,2,20,,0.76-1.09,48.5-58.6,巨灵组,雄性 50% / 雌性 50%,火尾瓦特进化链,否,否,否
218,烈火守护,守护精灵,在草原上全速奔跑的时候时常引发火灾。毛发蓬松且疏水，毛发内部均能发现未燃尽的火星。被驯服后性情极其温顺。,蒸汽膨胀-己方精灵每使用1次火系技能，自己入场时获得全技能威力+10。,火,564,105,117,49,135,93,65,3,40,,0.99-1.42,76.5-87.5,巨灵组,雄性 50% / 雌性 50%,火尾瓦特进化链,否,否,否
219,里拉鳐,里拉琴精灵,里拉鳐的体表能够分泌并牵连出细长的粘液，这些粘液对水流变化极其敏感，能帮助它判断水流方向。游动时，水流掠过粘液弦会引发持续振动，发出琴音。一般认为雄性的气孔粘液更少，形成的琴弦更细，因此琴声更清脆明亮。,吟游之弦-赋予的印记不会替换其他印记，而是同时生效。,水,644,118,82,89,103,147,105,1,0,,0.94-1.1,38.6-49.5,海洋组-妖精组,雄性 50% / 雌性 50%,里拉鳐进化链,否,否,否
220,海枝枝,珊瑚精灵,以海水中的微小生物为食，捕食时会发出“啵啵”声，身体分泌出美丽的树枝状骨骼，呈现美丽的苍青色。喜欢用不同颜色的海藻打扮自己，代谢时能给海藻提供养分，彼此互利共生。,珊瑚骨-敌方精灵离场时，自己获得全技能能耗-3。,水-幽,610,78,58,148,96,120,110,1,0,,0.75-0.85,3.51-6.82,海洋组-植物组,雄性 50% / 雌性 50%,海枝枝进化链,是,否,否
221,多西,钢铁精灵,可以通过磁性来悬浮在空中，对影响磁场稳定的东西异常敏感，偶尔会因为磁力吸来一些莫名其妙的小零件。可以通过操纵磁力来造成巨大的破坏，常是电力故障的罪魁祸首。,定向精炼-己方精灵每使用1次防御技能，自己入场时机械系和地系技能威力+10%。,机械-地,345,64,73,26,82,70,30,1,0,,0.65-0.94,5.7-7.1,机械组-巨灵组,雄性 50% / 雌性 50%,多西进化链,否,否,否
222,库多西,钢铁精灵,兼具岩石的稳固与钢铁的坚韧，身上带有厚重的泥土气味，推测是因为习惯在地底休眠所致。能够利用磁场的力量发动攻击，但也会在特殊磁场的影响下动弹不得，因此总是在人烟稀少的地方栖息。,定向精炼-己方精灵每使用1次防御技能，自己入场时机械系和地系技能威力+10%。,机械-地,459,85,98,34,109,93,40,2,32,,0.99-1.42,115.8-175.02,机械组-巨灵组,雄性 50% / 雌性 50%,多西进化链,否,否,否
223,波多西,钢铁精灵,能将钢铁之力积蓄于双爪中，使出蓄力重击，威力十足。以地底的粗矿为食，精炼过的钢铁对它而言似乎有着不同寻常的风味。在它出没的地方，常有铁锅失窃。,定向精炼-己方精灵每使用1次防御技能，自己入场时机械系和地系技能威力+10%。,机械-地,573,106,122,43,136,116,50,3,48,,1.43-2.05,265.0-295.0,机械组-巨灵组,雄性 50% / 雌性 50%,多西进化链,否,否,否
224,小翼龙,翼龙精灵,身形圆润可爱，翼膜十分柔软，只能在陆地上漂浮。植食性，最爱啃蕨类与低矮灌木，进食的时候总是呛到，猜测是因为呼吸系统还没有发育完全，需要用嘴巴呼吸。,暴食-携带的龙系技能获得迅捷。,龙-翼,409,66,91,24,73,63,92,1,0,,0.61-0.87,25.1-36.5,天空组-飞龙组,雄性 50% / 雌性 50%,小翼龙进化链,否,否,否
225,翼龙,翼龙精灵,拥有庞大的身躯，肚子总是鼓鼓的，充满发酵的食物。它有力的双翼和坚韧的躯体仿佛为长途飞行而生，在疾飞时仍能自由呼吸。,暴食-携带的龙系技能获得迅捷。,龙-翼,513,83,114,31,91,79,115,2,40,,1.79-1.99,240.0-265.0,天空组-飞龙组,雄性 50% / 雌性 50%,小翼龙进化链,否,否,否
226,电动长颈鹿,长颈鹿精灵,平时几乎不带电，通过尾巴放电，贸然摸尾巴可能会被电晕。听到节拍时，它体表的细微电感会跟着节奏一跳一跳，像在悄悄打拍子。,蓄电池-每入场1次，永久获得双攻+30%。,电,297,55,46,12,65,47,72,1,0,,0.7-1.0,29.8-36.8,动物组,雄性 50% / 雌性 50%,电动长颈鹿进化链,否,是,否
227,奔乐鹿,长颈鹿精灵,非常喜欢被抚摸，但要避开头、脚和尾巴。夜间视力很差，通常会睡眠；若必须夜间行动，会消耗能量点亮头顶电球照明，而电球的明暗也会随听见的节拍起伏。,蓄电池-每入场1次，永久获得双攻+30%。,电,395,73,61,16,86,63,96,2,28,,0.85-1.22,68.0-77.5,动物组,雄性 50% / 雌性 50%,电动长颈鹿进化链,否,是,否
228,爵士鹿,长颈鹿精灵,即使在野外遇到也不会贸然攻击，目光对视时会礼貌鞠躬。它能更精细地调整头顶电球的电流强度：既可用于攻击与照明，也可配合节奏稳定输出，进行电疗治疗伤病。,蓄电池-每入场1次，永久获得双攻+30%。,电,496,92,77,20,108,79,120,3,40,,1.38-1.98,135.0-185.06,动物组,雄性 50% / 雌性 50%,电动长颈鹿进化链,否,是,否
229,缇塔,机械臂精灵,总是扫描寻找着什么，明明对洛克抱有极大的好奇，但是因为其机器守则限制，只能和洛克保持在一个不远不近的距离。“既可靠又实用，深得洛克们青睐，是您寻物时的不二之选。”,向心力-1号和2号位技能获得传动1和威力+30。,机械,454,73,99,38,98,74,72,1,0,,0.65-0.75,38.2-45.2,机械组,雄性 50% / 雌性 50%,缇塔进化链,否,否,否
230,声波缇塔,机械臂精灵,长长的机械触手可以更方便地抓取物品，遵守着古老的机器守则，然而其需要寻找的物品，似乎早已消逝在历史中。 “更加强大的功能，见到机械，它们会毫不留情的抓过来。见到洛克，也会毫不留情地抓过来。”,向心力-1号和2号位技能获得传动1和威力+30。,机械,568,92,124,48,122,92,90,2,40,,1.05-1.2,71.5-78.5,机械组,雄性 50% / 雌性 50%,缇塔进化链,否,否,否
231,小鹬,鸟仔精灵,小鹬有着灰白色的羽毛，孱弱的双翼还无法驾驭风的力量，但可以依靠尚为柔软的皮甲结构进行短暂的滑翔。虽然幼小却已经懂得在划过水面时溅起水花，吸引鱼虾露头，有时能收获比自己体型还大的战利品。,起飞加速-本场战斗首次使用的技能获得迅捷。,翼,364,58,59,59,67,52,69,1,0,,0.25-0.36,1.4-2.2,天空组,雄性 50% / 雌性 50%,小鹬进化链,否,是,是
232,鄙目鹬,鸟仔精灵,栖息在水边的浅滩，橘色的长脚使得它们非常适合涉水行走，喜欢捕食昆虫和甲壳类动物，其眼神如同寒星般锐利冷峻，会左右轻轻扇动翅膀，溅起阵阵涟漪，模仿弱小生物游动，吸引鱼类前来。,起飞加速-本场战斗首次使用的技能获得迅捷。,翼,487,77,79,79,90,70,92,2,16,,0.67-0.96,6.75-8.9,天空组,雄性 50% / 雌性 50%,小鹬进化链,否,是,是
233,高脚鹬,高脚精灵,拥有较大的脑容量，是运筹帷幄的猎手，坚硬的帽形结构有良好的散热性，会用巨大的头部和双翅在水面上围出一片阴影，以此吸引喜欢在阴凉处生活的水生生物，静待着来乘凉的鱼虾进入它的捕猎范围。,起飞加速-本场战斗首次使用的技能获得迅捷。,翼,606,96,98,98,112,87,115,3,32,,0.81-1.16,18.0-24.91,天空组,雄性 50% / 雌性 50%,小鹬进化链,否,是,是
234,脆筒甜甜,冰冰凉精灵,使用淡奶油、蛋黄搅拌加热后，冷冻1000小时以上，有极小概率得到一只香草甜甜。以蛋筒底为支点蹦跶着前行，受到惊吓时会缩到自己的蛋筒里瑟瑟发抖。,加个雪球-使敌方获得冻结时，也会使其获得2层冻结。,冰,368,72,67,72,42,55,60,1,0,,0.3-0.4,1.8-3.8,软体组-魔力组,雄性 50% / 雌性 50%,脆筒甜甜进化链,是,否,否
235,香草甜甜,冰冰凉精灵,香草甜甜一族口感各有不同，头上顶着的果果是身体的一部分，拥有360度的视野。因果果吸收不同能量而演化出不同口感分支，身体散发着浓郁的奶香。,加个雪球-使敌方获得冻结时，也会使其获得2层冻结。,冰,491,96,90,95,56,74,80,2,28,,0.4-0.6,5.15-7.8,软体组-魔力组,雄性 50% / 雌性 50%,脆筒甜甜进化链,是,否,否
236,圣代甜甜,冰冰凉精灵,喜欢群居的团结者，圣代甜甜诞生时就生有两颗冰淇淋球，相生相伴，两颗冰淇淋球口味性格不同却能一直融洽相处。,加个雪球-使敌方获得冻结时，也会使其获得2层冻结。,冰,612,119,112,119,70,92,100,3,40,,0.7-1.0,16.5-22.75,软体组-魔力组,雄性 50% / 雌性 50%,脆筒甜甜进化链,是,否,否
237,刺轮砣,小鱼精灵,这种形态的刺轮砣皮肤虽然柔软脆弱，但是已经蕴含着强烈的毒系魔法，即使没有足够强壮的身体，也有办法保护自己。,耐活王-敌方受到中毒效果伤害时，自己回复等量生命。,毒-萌,487,100,80,78,80,65,84,1,0,,0.18-0.31,2.7-4.0,海洋组,雄性 50% / 雌性 50%,刺轮砣进化链,是,否,否
238,月亮砣,治愈精灵,皮肤比矿石还要坚硬，经常在有太阳的时候里浮在水面上，晒过太阳之后皮肤表面能够分泌出一种蕴含毒系魔法的物质，但对某些精灵有治愈作用，大约是一种以毒攻毒的手段。,耐活王-敌方受到中毒效果伤害时，自己回复等量生命。,毒-萌,609,125,100,98,100,81,105,2,36,12点至次日0点期间,1.85-2.1,137.5-182.4,海洋组,雄性 50% / 雌性 50%,刺轮砣进化链,是,否,否
239,豆丁鱼,小鱼精灵,总是抿着嘴巴气鼓鼓的样子，实际上不是因为生气了，而是在努力练习游泳，传说它们一族有着龙的血脉，只要努力游泳就可以进化为龙，基于精灵遗传学理论推测是龙系混血的精灵。,洄游-每次进入蓄力状态，获得全技能能耗永久-2。,水-龙,383,53,62,65,60,62,81,1,0,,0.31-0.44,1.2-3.4,海洋组-飞龙组,雄性 50% / 雌性 50%,豆丁鱼进化链,否,否,是
240,快鳍鱼,龙血精灵,额部鼓起突出，中空有气囊，可以自由改变前额的形状，推测可能是借着移动内部空气来产生形状上的变化，潜水能力相当强，甚至可以一边在水下灵活旋转一边发出多变的叫声，呼唤着同伴，吟唱着记忆深处关于化龙的古老歌谣。,洄游-每次进入蓄力状态，获得全技能能耗永久-2。,水-龙,511,71,82,87,80,83,108,2,20,,0.27-0.39,14.5-16.8,海洋组-飞龙组,雄性 50% / 雌性 50%,豆丁鱼进化链,否,否,是
241,龙鱼,龙血精灵,长鳍长尾，身形纤细流畅，拥有强大的游泳能力和跳跃能力，身体的结构比起鱼更接近龙，证明其拥有少量龙系血脉，尾部的红珠中蕴含着些许龙系能量，可以在跃出水面时发出真正的龙吼。,洄游-每次进入蓄力状态，获得全技能能耗永久-2。,水-龙,640,89,103,109,100,104,135,3,32,,0.69-0.99,39.5-44.5,海洋组-飞龙组,雄性 50% / 雌性 50%,豆丁鱼进化链,否,否,是
242,胆小鳗鱼,电鳗精灵,以强力放电而闻名的精灵，种族中的鳗鱼们似乎对自己的知名度一无所知。常常畏首畏尾，即使是十分弱小的对手，也能令它们战战兢兢。曾有胆小鳗鱼假死晕倒在浅滩上，原因是一只爬爬路过。,生物电-携带的电系技能获得迸发：能耗-2。,电-水,517,68,92,92,83,90,92,1,0,,0.74-1.07,17.5-26.85,海洋组,雄性 50% / 雌性 50%,胆小鳗鱼进化链,否,否,否
243,闪电鳗鱼,电鳗精灵,不会被自己或同类电到，那是因为电鳗体内的脂肪组织有很好的绝缘作用。几乎全身的肌肉组织都能放电，其生物电能与闪电产生强烈共鸣，某些个体能够定向引雷。身体所能承受的电能最高可达8600000伏。,生物电-携带的电系技能获得迸发：能耗-2。,电-水,646,85,115,115,104,112,115,2,36,,0.83-1.19,68.9-76.5,海洋组,雄性 50% / 雌性 50%,胆小鳗鱼进化链,否,否,否
244,翡翠水母,水母精灵,柔软的精灵，通过收缩身体喷水在水中前进。会使用触手释放毒素，以此麻痹对手，然后将其拖入水中。,扩散侵蚀-使用水系技能后，敌方获得中毒，获得层数等于中毒印记层数的2倍。,水-毒,466,108,30,68,75,109,76,1,0,,0.49-0.7,31.5-36.8,海洋组-软体组,雄性 50% / 雌性 50%,翡翠水母进化链,否,否,否
245,琉璃水母,水母精灵,身体的触手花纹会随心情变化，游动时非常漂亮。是海边生活的洛克的艺术灵感来源。然而它长长的触手可以释放多种效果的攻击，被它的美丽吸引注意时，可能会陷入危险哦。,扩散侵蚀-使用水系技能后，敌方获得中毒，获得层数等于中毒印记层数的2倍。,水-毒,580,134,37,85,93,136,95,2,26,,0.9-1.28,48.0-53.0,海洋组-软体组,雄性 50% / 雌性 50%,翡翠水母进化链,否,否,否
246,裘洛,毛绒绒精灵,胸口的星星状器官暖烘烘的，天冷的时候裘洛们都会把前爪揣在胸口取暖。曾经有洛克贸然地接触了裘洛的尾巴，皮肤变得红肿疼痛，足足半年之后才好转痊愈。,蚀刻-回合结束时，敌方每2层中毒转化为1层中毒印记。,毒,312,44,56,50,39,48,75,1,0,,0.7-1.0,7.5-12.5,动物组-妖精组,雄性 50% / 雌性 50%,裘洛进化链,否,否,否
247,裘力,毛绒绒精灵,即便在寒冷的冬天也是独来独往，从不聚在一起取暖，太冷的时候会把脚放在尾巴上。尾巴尖处有两个腺体，危险时能迅速喷射毒液，会用尾巴缠住对手，释放毒素的同时使其无法逃走。,蚀刻-回合结束时，敌方每2层中毒转化为1层中毒印记。,毒,416,59,74,67,52,64,100,2,20,,0.81-1.16,14.07-18.02,动物组-妖精组,雄性 50% / 雌性 50%,裘洛进化链,否,否,否
248,裘卡,毛绒绒精灵,独自活动，高傲而优雅的生物。一生中只选择一只伴侣。据研究表明裘卡的体液都有剧毒，紧张时脚垫会分泌汗液，在地面上留下有剧毒的梅花形汗渍。,蚀刻-回合结束时，敌方每2层中毒转化为1层中毒印记。,毒,520,73,93,83,65,81,125,3,32,,1.25-1.79,49.5-58.6,动物组-妖精组,雄性 50% / 雌性 50%,裘洛进化链,否,否,否
249,可爱猿,猿精灵,头顶着活跃的微型火山，就连睡觉时也会冒出小烟圈。可别因为体型而小看了它，可爱猿头上流出的熔岩就连钢铁也能融化。,散热-初始能量为0，入场前己方精灵每放1次火系技能，回复3能量。,火,429,100,97,43,86,67,36,1,0,,0.69-0.98,21.0-31.5,巨灵组-拟人组,雄性 50% / 雌性 50%,可爱猿进化链,否,否,否
250,炽热猿,猿精灵,会从头上喷出烟来彰显气势，普遍好斗。打喷嚏的时候，背上也会跟着喷出巨大的浓烟，还会洒出一些岩浆。,散热-初始能量为0，入场前己方精灵每放1次火系技能，回复3能量。,火,572,133,130,57,115,89,48,2,28,,0.71-1.02,46.5-63.5,巨灵组-拟人组,雄性 50% / 雌性 50%,可爱猿进化链,否,否,否
251,火焰猿,火山精灵,哪怕是休息的时候，也像沉睡的火山一样危险。岩浆涌动的身体需要经常添加燃料，偶尔会把吃不完的食物丢到头顶的火山口里燃尽。,散热-初始能量为0，入场前己方精灵每放1次火系技能，回复3能量。,火,715,167,162,72,143,111,60,3,40,,1.68-1.9,124.5-136.5,巨灵组-拟人组,雄性 50% / 雌性 50%,可爱猿进化链,否,否,否
252,布鲁斯,章鱼精灵,头部开始晶体化，触感冰凉，能缓慢吸收周围热量，使自身温度维持在较低水平。头顶的白色绒球对温度变化很敏锐，能帮助它判断环境冷热。,冰钻-敌方携带技能总能耗每有1点，自己攻击时威力+10%。,冰,295,44,60,16,68,53,54,1,0,,0.53-0.76,2.4-4.6,软体组-海洋组,雄性 50% / 雌性 50%,布鲁斯进化链,否,否,否
253,雪顶布鲁斯,章鱼精灵,晶体化结构更稳定，修长的腕足变得更灵活，能细致地打理身体、调整伪装姿态，白色绒球对温差的感知也更敏锐。,冰钻-敌方携带技能总能耗每有1点，自己攻击时威力+10%。,冰,394,58,81,22,91,70,72,2,26,,0.58-0.83,12.8-15.6,软体组-海洋组,雄性 50% / 雌性 50%,布鲁斯进化链,否,否,否
254,冰钻布鲁斯,章鱼精灵,会拾取断落的枝桠，并在枝桠表面喷覆与头部成分相似的晶体化物质，使其变得坚硬冰冷，作为武器使用。,冰钻-敌方携带技能总能耗每有1点，自己攻击时威力+10%。,冰,493,73,101,27,114,88,90,3,42,,1.21-1.72,49.5-58.6,软体组-海洋组,雄性 50% / 雌性 50%,布鲁斯进化链,否,否,否
255,治愈兔,兔精灵,平时生活在灌木丛中，看到洛克的话会因为好奇而主动靠近。据说如果感冒了的小洛克摸摸它的小脚，就会很快康复。,仁心-敌方受到灼烧伤害时，自己回复等量生命。,火-萌,358,67,28,73,60,76,54,1,0,,0.57-0.82,12.03-14.42,动物组-妖精组,雄性 50% / 雌性 50%,治愈兔进化链,否,否,是
256,红丝绒,兔精灵,绒毛里储存着温和的火系能量，抱在怀里就像一个小暖炉，身体散发出煎药的香味。它特别喜欢照顾受伤的精灵，会用温暖的鼻息轻轻吹拂伤口，伤口就不痛了。,仁心-敌方受到灼烧伤害时，自己回复等量生命。,火-萌,479,90,38,98,80,101,72,2,16,,0.68-0.97,22.4-28.6,动物组-妖精组,雄性 50% / 雌性 50%,治愈兔进化链,否,否,是
257,红绒十字,治愈精灵,头顶的十字结构能释放出强效的治愈魔法，轻轻一碰就能缓解肌肉酸痛，伤口也会加速愈合。如果看到受伤的精灵但无法施救的话会流泪不止。,仁心-敌方受到灼烧伤害时，自己回复等量生命。,火-萌,598,112,47,122,100,127,90,3,36,,1.04-1.49,32.5-36.8,动物组-妖精组,雄性 50% / 雌性 50%,治愈兔进化链,否,否,是
258,乌达,恶作剧精灵,喜欢藏在头盔里吓唬人，是因为需要吸收尖叫来维持自己的能量。实际上胆子很小，遇到危险会倒地装晕。,恶魔的晚宴-主动击败敌方精灵时，自己永久获得双攻+50%。,恶-火,369,80,95,49,70,42,33,1,0,,0.44-0.58,4.6-6.1,巨灵组,雄性 50% / 雌性 50%,乌达进化链,是,否,否
259,迷你乌,恶作剧精灵,吓唬人的能力越来越强。在族群当中，越是擅长吓唬人，就越容易受到同伴的尊重，如果气势弱于对方，就要趴在地上装晕认输。,恶魔的晚宴-主动击败敌方精灵时，自己永久获得双攻+50%。,恶-火,492,107,126,66,93,56,44,2,30,6点至18点期间,0.97-1.2,27.9-39.1,巨灵组,雄性 50% / 雌性 50%,乌达进化链,是,否,否
260,乌拉塔,恶作剧精灵,在对决中常常使用夸张的姿态让对手退却，体内另一股意志会让它在关键时刻保持一条底线——它并不以伤害为乐，只汲取自己必要的尖叫。尊重对手，十分有礼貌。,恶魔的晚宴-主动击败敌方精灵时，自己永久获得双攻+50%。,恶-火,615,134,158,82,116,70,55,3,50,6点至18点期间,1.85-2.1,48.8-63.29,巨灵组,雄性 50% / 雌性 50%,乌达进化链,是,否,否
261,螺旋帕帕,维修精灵,它们立志成为机械系精灵维修专员，曾有大批战损的机械系精灵奇迹般地恢复健康，排着队回到原来生活的地方，这背后默默付出的正是不起眼的螺旋帕帕。,翼轴-1号位技能获得迅捷和传动1。,机械-翼,377,88,55,8,79,67,80,1,0,,0.35-0.45,2.08-4.35,机械组-天空组,雄性 50% / 雌性 50%,螺旋帕帕进化链,否,否,否
262,帕帕斯卡,维修精灵,在机械系精灵中非常有声望。曾经制造出帕帕斯卡的洛克许下一个愿望，希望能让机械系精灵有尊严地活着。于是帕帕斯卡整个种族一直在想办法让机械系精灵过上更体面更开心的生活。,翼轴-1号位技能获得迅捷和传动1。,机械-翼,471,110,68,10,99,84,100,2,36,,1.05-1.47,48.7-60.1,机械组-天空组,雄性 50% / 雌性 50%,螺旋帕帕进化链,否,否,否
263,机械方方,魔方精灵,似乎是一种非常古老的机械系造物，用处不详。身体结构精巧，拨弄它头顶的天线，会让它变得十分愉快，甚至能断断续续地播放音乐。“方方正正，顶天立地，做人亦该如此。”,盲拧-回合开始时，技能顺序打乱，4号位的技能能耗-4。,机械,362,62,81,32,76,60,51,1,0,,0.42-0.6,8.0-11.0,机械组-拟人组,雄性 50% / 雌性 50%,机械方方进化链,否,否,是
264,多彩方方,魔方精灵,似乎是一种非常古老的机械系造物，用处不详。热爱社交，尤其喜欢和其他种族的幼体玩耍。喜欢歌唱和舞蹈，但普遍不擅长舞蹈，容易摔倒。,盲拧-回合开始时，技能顺序打乱，4号位的技能能耗-4。,机械,482,82,108,43,101,80,68,2,28,需在他人世界,0.68-0.97,23.77-34.6,机械组-拟人组,雄性 50% / 雌性 50%,机械方方进化链,否,否,是
265,立方人,魔方精灵,能够听懂和使用洛克族语言，了解洛克族的礼仪和社会结构，会模仿洛克族的行为，甚至会与其他个体组建家庭。 “勤奋的它，总是不停的前行，心中在默念：每个人努力过都不普通。”,盲拧-回合开始时，技能顺序打乱，4号位的技能能耗-4。,机械,605,103,135,54,127,101,85,3,40,,1.78-2.01,106.5-139.07,机械组-拟人组,雄性 50% / 雌性 50%,机械方方进化链,否,否,是
266,可立鸡,鸡仔精灵,鸡冠有特殊腺体分泌可燃气体，情绪激动时，鸡冠会熊熊燃烧。为了便于警戒，可立鸡会排成一队，由鸡冠火焰最旺盛的个体来带领。,斗技-应对成功后，获得全技能威力永久+30。,火,390,67,72,72,61,52,66,1,0,,0.39-0.56,4.6-7.4,天空组-拟人组,雄性 50% / 雌性 50%,可立鸡进化链,否,否,是
267,晕晕鸡,鸡仔精灵,成长后学会了控制情绪，维持着绅士风度，为了追求优雅和游刃有余，逐渐更能控制火焰释放。偶尔会因为忍耐过度，大脑变得晕乎乎的。,斗技-应对成功后，获得全技能威力永久+30。,火,521,89,96,96,82,70,88,2,16,,0.68-0.91,12.03-18.06,天空组-拟人组,雄性 50% / 雌性 50%,可立鸡进化链,否,否,是
268,绅士鸡,绅士精灵,充满高尚气度的种群，常把一只手放在身后。手中的羽毛可以喷射火焰，制造独特而优雅的攻击。,指挥家-应对成功后，永久获得双攻+30%。,火-武,651,112,120,120,102,87,110,3,36,,1.31-1.87,46.8-58.2,天空组-拟人组,雄性 50% / 雌性 50%,可立鸡进化链,否,否,是
269,武者鸡,利爪精灵,极其发达健壮的双臂是它们的标志性特征，手部演变为锋利的钙化物质。这一分支舍弃了种族遗传下来的火焰魔法，堂堂正正地用双手和踢腿打败敌人。,斗技-应对成功后，获得全技能威力永久+30。,火-武,595,116,137,66,111,70,95,3,36,击败3只恶系精灵,1.46-2.09,46.8-58.2,天空组-拟人组,雄性 50% / 雌性 50%,可立鸡进化链,否,否,是
270,优优,狐獴精灵,白天，它们竖起蓬松的尾巴，在沙地上蹦跳活动。夜里守在洞口放哨，尾尖亮起柔和的暖黄光，并用尾巴轻点地面，把消息无声地传给同伴。,哨兵-回合开始时若敌方技能足够击败自己，自己获得速度+50，行动后脱离。,地-光,485,81,35,89,84,104,92,1,0,,0.38-0.56,3.03-4.1,动物组,雄性 50% / 雌性 50%,优优进化链,否,否,否
271,绒光优优,守望精灵,进化后它们仍然毛绒绒、行动更显优雅敏捷，战斗时旋转腾挪如轻快战舞，发光的尾巴拖出一缕光丝带。它们警惕性极高，只需将尾巴贴地，便能感知远处的动静。,哨兵-回合开始时若敌方技能足够击败自己，自己获得速度+50，行动后脱离。,地-光,605,101,43,111,105,130,115,2,36,,0.69-0.85,13.5-19.6,动物组,雄性 50% / 雌性 50%,优优进化链,否,否,否
272,噼啪鸟,电风筝精灵,“你知道洛克的头发什么时候会竖起来吗？”“是你妈妈突然闯入你房间的时候？”“是进入了噼啪鸟的电场！我还听到它的吼叫声！幸好我跑得快，差点就被电击了！”“……不过这个发型还挺帅的，下次再试试。”,连续负荷-自己技能的迸发效果延长1回合。,电-翼,618,78,116,109,85,85,145,1,0,,2.0-2.15,89.5-127.5,天空组-巨灵组,雄性 50% / 雌性 50%,噼啪鸟进化链,否,否,否
273,深蓝鲸,鲸精灵,深蓝鲸们喜欢贴着水面游泳，会跳出水面，和来往船只嬉戏，遇到危险时，可以把头部冰柱发射出去。种群之间通过歌声和口哨声交流，不论距离多远，互相之间的声音都能传达到。,倾轧-携带的技能受能耗变化效果的影响翻倍。,水,618,137,44,121,125,141,50,1,0,,2.0-2.65,645.0-700.0,海洋组-巨灵组,雄性 50% / 雌性 50%,深蓝鲸进化链,否,否,否
274,格兰种子,种子精灵,格兰种子可以借助微风悬于空中，总是呆呆地望着对方，其实脑袋里盘算着许多鬼点子。体内花粉不停生长，使它躁动不安，总是忍不住捉弄其他精灵。,生长-回合结束时，回复12%生命。,草,321,65,31,74,48,67,36,1,0,,0.4-0.57,3.5-5.4,植物组-妖精组,雄性 50% / 雌性 50%,格兰种子进化链,否,否,是
275,格兰花,花精灵,格兰花头顶可喷射出具有不同功效的花粉，花粉沾身会致痒。它总是带着些许挑衅的眼神看着对方，似乎有意识地引诱对方来打自己，被打能帮它挠痒痒，而击打它时还会传播其花粉。,生长-回合结束时，回复12%生命。,草,429,86,42,99,64,90,48,2,16,,0.48-0.68,6.5-7.8,植物组-妖精组,雄性 50% / 雌性 50%,格兰种子进化链,否,否,是
276,格兰球,圆滚滚精灵,格兰球的花瓣持续生长与更替，老化花瓣会化作鳞片般的护甲。护甲上黏附诸多致痒花粉，它们热衷于边笑边蹭其他精灵。但洛克研究学者经观察其表情和动作发现，它们坏笑时鳞片般的护甲会微微张开，让它们更好地传粉。,生长-回合结束时，回复12%生命。,草,536,108,52,124,80,112,60,3,32,,0.81-1.16,12.5-16.5,植物组-妖精组,雄性 50% / 雌性 50%,格兰种子进化链,否,否,是
277,地鼠,鼠精灵,有着小巧的身体，敏感的尾巴是它最大的弱点。族群数量庞大，生命力极强，几乎不需要喝水。,警惕-回合结束时，若自己能量为0则脱离。,地,357,66,71,31,72,51,66,1,0,,0.46-0.66,1.8-2.85,动物组,雄性 50% / 雌性 50%,地鼠进化链,是,否,是
278,遁鼠,大耳朵精灵,尾巴上有一层坚固的壳，所以挖洞的时候不必担心身后。耳朵的尖端粗糙而耐脏，把摄取的水分和养分都储存在饱满的大耳朵里。,警惕-回合结束时，若自己能量为0则脱离。,地,477,88,95,41,97,68,88,2,16,,0.48-0.69,3.4-4.8,动物组,雄性 50% / 雌性 50%,地鼠进化链,是,否,是
279,遁地鼠,大耳朵精灵,精力旺盛，时常在烈日下的沙漠里飞奔。能够四脚共用，在地下挖掘复杂的洞系，休息的时候常常躲在地下的洞里。,警惕-回合结束时，若自己能量为0则脱离。,地,596,110,119,51,121,85,110,3,36,,0.64-0.92,6.4-7.5,动物组,雄性 50% / 雌性 50%,地鼠进化链,是,否,是
280,墨鱿士,鱿鱼精灵,不同于章鱼精灵，它们因为蕴含幽系能量，皮肤已经褪成苍白的颜色，头足里面藏着墨囊，装着它们收集来的颜料。经常藏在厚厚的画纸中间休息。,涂鸦-使用非本系技能时威力+50%。,幽,482,103,97,42,105,79,56,1,0,,0.35-0.46,3.25-5.02,海洋组-软体组,雄性 50% / 雌性 50%,墨鱿士进化链,否,否,否
281,混乱鱿彩,画笔精灵,体型暴涨，皮肤化作流动的红、蓝、黄三色漩涡，情绪高涨时随时像泼墨般炸开。它用触手当画笔，在空中乱甩墨汁，留下大片狂野的色块。,涂鸦-使用非本系技能时威力+50%。,幽-恶,604,129,122,53,131,99,70,2,32,累计击败3只萌系精灵,1.36-1.54,36.9-48.2,海洋组-软体组,雄性 50% / 雌性 50%,墨鱿士进化链,否,否,否
282,秩序鱿墨,画笔精灵,身体覆上整齐的黑白方格，触手末端变成细长的金属尺，能把漂浮的墨滴精确切割成等分方块。它从不越界，乐于将墨汁按深浅、冷暖、浓度排成矩阵，精准而冷静。,绝对秩序-受到非敌方系别的技能攻击时伤害-50%。,幽-萌,604,78,120,39,124,113,130,2,32,击败3只恶系精灵,1.59-1.72,45.6-60.1,海洋组-软体组,雄性 50% / 雌性 50%,墨鱿士进化链,否,否,否
283,小甲虫,硬壳精灵,头盔顶部和双手上都有黄色的尖角，锋利而坚硬。听说在它们的世界里，坚硬且粗壮的角是身份地位的象征。,坚韧铠甲-每受到1次攻击伤害，己方队伍获得1次随机奉献。,虫,418,98,71,31,97,61,60,1,0,,0.48-0.68,6.5-8.4,昆虫组-天空组,雄性 50% / 雌性 50%,小甲虫进化链,否,否,否
284,铠甲虫,硬壳精灵,全副武装没有破绽，头顶的巨钳令人生畏。甲壳有些沉重，依然可以飞行。但好处是，厚重的甲壳能够挡住敌人的攻击。,坚韧铠甲-每受到1次攻击伤害，己方队伍获得1次随机奉献。,虫,522,122,88,39,121,77,75,2,40,,1.17-1.68,83.0-96.0,昆虫组-天空组,雄性 50% / 雌性 50%,小甲虫进化链,否,否,否
285,圣剑侍从,科技精灵,黄金时代的工匠们曾将占星与炼金并列为同一门学问的两种语言。于是他们以风为芯，以力量和律法为骨，铸成了圣剑。现在只有极少量留存下来。,正位宝剑-仅可以使用1号位技能。,机械,696,139,116,111,139,139,52,1,0,,0.94-1.18,115.7-173.6,机械组-巨灵组,雄性 50% / 雌性 50%,圣剑侍从进化链,否,是,否
286,圣剑-X,科技精灵,制造者把牺牲和奉献作为圣剑的使命，接下来它的一切行为都是为了实现这个目的，无数十号圣剑就这样留在了从前的时代里。现在黄金时代的风早已停息，暗夜过后也迎来了新生。,正位宝剑-仅可以使用1号位技能。,机械,868,174,144,139,173,173,65,2,40,,1.83-2.07,481.0-658.0,机械组-巨灵组,雄性 50% / 雌性 50%,圣剑侍从进化链,否,是,否
287,吸泥鸥,贪吃精灵,骨骼天生比较脆，需要经常吸食淤泥，泥巴里面含有它们骨骼所需的物质。如果摄入不足，它们的关节会发炎，走起路来可能容易摔倒。吻部尚未完全发育，偶尔会被泥巴噎住,无差别过滤-在场时，所有精灵连击数固定为2。,地-翼,455,99,89,33,87,71,76,1,0,,0.55-0.71,9.5-12.5,天空组-两栖组,雄性 50% / 雌性 50%,吸泥鸥进化链,否,是,否
288,泥吼牙,大嘴精灵,一口就能吞下比自己还重的淤泥，皮肤表面也有了吸收淤泥的能力，淤泥硬壳能有效保护它们脆弱的骨骼。有的时候不小心把小体型的精灵邻居吸到嘴巴里，会赶紧吐出来，连连道歉。偶尔也会用嘴巴载着小型精灵度过泥潭。,无差别过滤-在场时，所有精灵连击数固定为2。,地-翼,569,124,112,41,109,88,95,2,36,,1.05-1.45,21.5-32.5,天空组-两栖组,雄性 50% / 雌性 50%,吸泥鸥进化链,否,是,否
289,大头骨龙,化石精灵,首次被人发现时，大头骨龙在地下岩层中沉睡，并且对现在的世界和精灵社会一无所知。骨架不仅坚硬，而且具有再生能力。即使骨头被打断，也可以在短时间内重新长出。骨质翅膀虽然看起来脆弱，但实际上非常坚韧。,不朽-力竭4回合后复活。,龙-幽,442,96,109,40,84,65,48,1,0,,0.85-1.0,18.6-33.5,飞龙组-巨灵组,雄性 50% / 雌性 50%,大头骨龙进化链,否,否,否
290,寂灭骨龙,骨头精灵,当被从土层里挖出来的时候，它们正在一无所知地睡觉。别看它们脆弱得好像一脚会散架，但埋了亿万年的矿物硬度堪比钻石。“它总是对着镜子思考，幻想自己当年活着时候的样子。”,不朽-力竭4回合后复活。,龙-幽,552,120,137,50,104,81,60,2,40,,2.25-2.45,85.7-105.0,飞龙组-巨灵组,雄性 50% / 雌性 50%,大头骨龙进化链,否,否,否
291,厉毒小萝,毛绒绒精灵,体味清香，翼下藏有数个腺体，能够发射致洛克晕厥的毒雾。受惊时将双翼展为扇形，倾泻毒雾后迅速逃离。,侵蚀-敌方每有1层中毒效果，自己获得连击数+1。,毒-恶,396,67,64,17,81,59,108,1,0,,0.55-0.65,8.73-14.92,拟人组-天空组,雄性 50% / 雌性 50%,厉毒小萝进化链,否,否,否
292,厉毒修萝,毛绒绒精灵,翼上的棘刺带有能够分泌剧毒的腺体，狩猎时常在暗处蹲守观察许久，找到时机后从棘刺中射出毒液使猎物昏迷，再飞速捕获。,侵蚀-敌方每有1层中毒效果，自己获得连击数+1。,毒-恶,495,84,80,21,101,74,135,2,40,,1.45-1.55,33.75-41.6,拟人组-天空组,雄性 50% / 雌性 50%,厉毒小萝进化链,否,否,否
293,小帕尔,毛绒绒精灵,探索欲很强的精灵，会通过摇尾巴的方式表达亲近，尾尖会散发出魔法，但并不能很好的控制，时常伤到自己。,付给恶魔的赎价-击败敌方精灵时，敌方额外损失1点魔力。被敌方精灵击败时，自己额外损失1点魔力。,恶,379,78,76,34,79,52,60,1,0,,0.64-0.92,9.4-13.6,,雄性 50% / 雌性 50%,小帕尔进化链,否,否,否
294,帕尔萨斯,尖尾精灵,头顶的独角锋利又坚硬，但不蕴含魔法，脱落下来的独角最早被洛克用来制作匕首。“他眼中看到的都是黑白的，他的世界没有色彩，单一的世界却让他有了执著的信念和忠诚的心。”,付给恶魔的赎价-击败敌方精灵时，敌方额外损失1点魔力。被敌方精灵击败时，自己额外损失1点魔力。,恶,507,104,102,46,105,70,80,2,28,累计突破1次,1.33-1.58,46.5-61.5,,雄性 50% / 雌性 50%,小帕尔进化链,否,否,否
295,龙息帕尔,尖尾精灵,在古老的典籍中记载，龙息帕尔和其他恶系精灵的行事风格不同，它们秉持等价交换的原则，会严格遵守自己缔结的契约。在契约完成前绝不会离开，甚至愿意为此等待漫长的时光。,付给恶魔的赎价-击败敌方精灵时，敌方额外损失1点魔力。被敌方精灵击败时，自己额外损失1点魔力。,恶,632,130,127,57,131,87,100,3,40,累计突破2次,1.93-2.4,96.5-115.0,,雄性 50% / 雌性 50%,小帕尔进化链,否,否,否
296,毛头小蛛,毛绒绒精灵,身上的绒毛柔软且密集，表面有微小的鳞片结构来吸附灰尘，喜欢从灰尘中吸食各种魔法粉尘，会追逐星星魔法，并吸食炸开的粉末。遇到洛克时容易惊慌失措，全身颤抖，在刺激下炸毛，身上的灰尘也被抖落，让洛克忍不住打喷嚏。,扫拖一体-回合结束时驱散敌方1层印记，且驱散后己方队伍获得1次随机奉献。,虫-地,452,85,80,27,93,79,88,1,0,,0.3-0.45,0.95-2.0,昆虫组-妖精组,雄性 50% / 雌性 50%,毛头小蛛进化链,否,否,否
297,捕尘长绒,扫把精灵,绒毛长而纤细，每个洛克小时候都曾把家里打扫清洁的捕尘长绒当作魔法扫帚骑着玩，然后被家长揍一顿，而家长顺手拿起的武器也是捕尘长绒，但是它们喜欢被洛克需要。,扫拖一体-回合结束时驱散敌方1层印记，且驱散后己方队伍获得1次随机奉献。,虫-地,565,106,100,34,116,99,110,2,30,身高50%~100%,1.15-1.45,2.35-4.19,昆虫组-妖精组,雄性 50% / 雌性 50%,毛头小蛛进化链,否,否,否
298,食尘短绒,扫把精灵,绒毛短而浓密，出没在灰尘多的地方，能够在任何表面爬行，其脚掌上短且蓬松的绒毛在爬行时会产生静电作用，牢牢地黏在物体表面上，吸附灰尘，清理家具的死角。,特殊清洁场景-回合结束时偷取敌方1层印记。,虫-地,576,109,105,37,113,97,115,2,30,身高0%~50%,0.75-0.9,2.65-5.15,昆虫组-妖精组,雄性 50% / 雌性 50%,毛头小蛛进化链,否,否,否
299,画精灵,画框精灵,画中世界诞生的精灵，活泼好动，对穿梭魔法的运用不是很熟练，偶尔会被画框卡住。曾经尝试少吃可可果来解决这个问题，后来发现并没有效果。,灰色肖像-攻击会使敌方已有的减益层数+3。,普通,371,61,32,78,56,72,72,1,0,,0.28-0.38,0.99-2.21,妖精组-巨灵组,雄性 50% / 雌性 50%,画精灵进化链,否,否,否
300,画像守护,画框精灵,可以熟练地在画中与画外穿梭，十分热心肠，喜欢交朋友，经常为认识的画做保养，轻轻吹走灰尘，灰尘太多可能令他一直打喷嚏。但这并不会成为它们的阻碍。,灰色肖像-攻击会使敌方已有的减益层数+3。,普通,494,81,42,104,75,96,96,2,16,,0.49-0.6,5.85-6.9,妖精组-巨灵组,雄性 50% / 雌性 50%,画精灵进化链,否,否,否
301,画间法师手,穿梭精灵,能够通过画框跨越时间与空间，沉迷于收集更多的见闻，看见更广阔的世界。在长年累月的穿梭中，曾经认识的画已经褪色，但它从没有停下。,灰色肖像-攻击会使敌方已有的减益层数+3。,普通-幻,619,101,53,131,94,120,120,3,36,累计击败3只武系精灵,2.08-2.45,46.05-58.1,妖精组-巨灵组,雄性 50% / 雌性 50%,画精灵进化链,否,否,否
302,画间沉铁兽,守望精灵,一种沉默寡言的分支形态，稍微有些粗鲁，比起结识更多的朋友，对他来说更重要的是保护现在朋友们的安全，可能在实施保护中不小心磕到朋友的头。确定了需要保护的对象之后，就不会再四处穿梭。,变形活画-行动时，敌方每有1层增益，本次行动技能威力+10%，速度+5。,普通-武,604,126,147,63,100,76,92,3,36,击败3只幻系精灵,1.75-1.92,75.7-88.02,妖精组-巨灵组,雄性 50% / 雌性 50%,画精灵进化链,否,否,否
303,书魔虫,书卷精灵,沉迷于阅读，其力量来源于书本的知识。走路和睡觉时都手不释卷，读的书越多体型变得越大，隔一段时间就要调整绑书带的长度，不然会阻碍它学习新知识。,图书守卫者-入场时，若自己魔力值为1，自己获得双攻+100%。,普通,383,67,69,69,48,73,57,1,0,,0.3-0.41,2.28-3.86,妖精组-巨灵组,雄性 50% / 雌性 50%,书魔虫进化链,否,否,否
304,书卷守护,书卷精灵,身上带着书本和油墨的味道，看起来小小的，其实比想象中重很多。常与同伴交换藏书，偶尔遇到疑惑的地方，会用书使劲砸自己的头，希望用这种办法让知识快点进入身体。,图书守卫者-入场时，若自己魔力值为1，自己获得双攻+100%。,普通,511,89,92,92,64,98,76,2,16,,0.82-1.01,9.8-14.8,妖精组-巨灵组,雄性 50% / 雌性 50%,书魔虫进化链,否,否,否
305,古卷执政官,智慧精灵,期末时期的图书馆，每当古卷执政官从书架间缓缓现身，它周围的位置总被围得水泄不通，它的古卷如臂膀般展开，书页无声翻动，精准停在学生们最需要的章节上。“不要抗拒，作业是你和知识之间的契约。”,图书守卫者-入场时，若自己魔力值为1，自己获得双攻+100%。,普通-幻,638,111,115,115,80,122,95,3,36,击败3只武系精灵,1.91-2.21,98.8-135.5,妖精组-巨灵组,雄性 50% / 雌性 50%,书魔虫进化链,否,否,否
306,古卷匣魔像,守望精灵,“盗贼撬开了书库的大门，随后就被黑暗中什么沉重的打击在空中划出了一道抛物线。然后落荒而逃，并且拒绝再次到访这里，并且嘴里一直嘟囔着：知识就是力量”——某冒险者叙述他们在魔法学院遭到古卷匣魔像攻击的故事。,构装契约者-入场时，若敌方魔力值为1，自己获得双防+100%。,普通-武,638,109,109,109,130,86,95,3,36,累计击败3只幻系精灵,1.87-2.15,119.5-180.5,妖精组-巨灵组,雄性 50% / 雌性 50%,书魔虫进化链,否,否,否
307,绒绒,星光精灵,绒绒多在夜间活动，触角能感知星光，体表覆盖着细密的短绒，能吸附少量蕴含星光的细微粉末。偶尔主动靠近洛克，以柔软的身体轻蹭对方，习性黏人，是温顺的小型毛绒精灵。,绒粉星光-攻击时，若敌方血脉是非本系的系别血脉，技能威力+100%。,光-虫,379,58,61,62,49,80,69,1,0,,0.29-0.35,1.0-2.5,,雄性 50% / 雌性 50%,绒绒进化链,否,否,是
308,小绒茧,星光精灵,体表的短绒进化为蓬松且带有黏性的长绒，能够吸附并储存更多星光粉末，直接触摸的话，会感到轻微刺痛。它们吸附的粉末最终在体内融合，驱动体内组织发生解离和重塑，当能量饱和时，绒毛能爆发出强劲的冲击力。,绒粉星光-攻击时，若敌方血脉是非本系的系别血脉，技能威力+100%。,光-虫,504,77,81,83,65,106,92,2,27,星光值≥1200,0.59-0.84,7.6-9.2,,雄性 50% / 雌性 50%,绒绒进化链,否,否,是
309,绒仙子,星光精灵,完全发育成型，翅脉中流动着体液，横脉与纵脉交汇处形成规整的星形花纹，蕴含强烈的星光能量。胸节与携粉足极度膨大，布满致密的长绒，能牢牢黏附超多光系魔法粉末——这些粉末正是体液代谢后的产物。,绒粉星光-攻击时，若敌方血脉是非本系的系别血脉，技能威力+100%。,光-虫,630,96,101,104,81,133,115,3,47,,1.25-1.65,37.5-42.8,,雄性 50% / 雌性 50%,绒绒进化链,否,否,是
310,犀角鸟,月光精灵,足部又软又嫩，相当虚弱无力。双眼的视觉暂未发育完全，偶尔被毛发遮挡视野。研究推测其毛发承担了主要感官的功能，在看不清的时候也可以通过毛发的感光功能，早早隐藏好自己。,月光审判-攻击时，若敌方血脉是首领血脉，技能威力+100%。,光,368,63,88,40,67,44,66,1,0,,0.32-0.4,9.6-11.5,,雄性 50% / 雌性 50%,犀角鸟进化链,否,否,是
311,光纤兽,月光精灵,毛发柔软但有韧性，结构特殊，似乎每一根毛发都能接收和发射光能量。它们可以分辨来自四面八方所有光束的到达时间，比较每个光束抵达的时间，计算其距离和能量。,月光审判-攻击时，若敌方血脉是首领血脉，技能威力+100%。,光,490,83,117,54,90,58,88,2,27,星光值≥1200,0.7-0.85,31.5-37.8,,雄性 50% / 雌性 50%,犀角鸟进化链,否,否,是
312,疾光千兽,月光精灵,在月亮升起来之后活动，某些特定时间会散发出微弱光芒，与某些弱小的夜行生物存在共生关系。光能量在每根毛发中沿“之”字形向身体内部传输，可以完好无损地传输到体内，存储凝结成强大力量。,月光审判-攻击时，若敌方血脉是首领血脉，技能威力+100%。,光,612,104,146,67,112,73,110,3,47,,1.75-2.1,112.9-165.0,,雄性 50% / 雌性 50%,犀角鸟进化链,否,否,是
313,果冻,凝胶精灵,透明而不起眼的精灵，经常在干净的水源被发现。研究发现，果冻精灵可以维护森林、湖泊和山脉的生态平衡，似乎是因为它们能让水变得清澈。,茶多酚-离场后，更换入场的精灵回复20%生命且免疫寄生。,水,437,81,26,81,75,78,96,1,0,,0.3-0.36,4.35-5.6,海洋组-魔力组,雄性 50% / 雌性 50%,果冻进化链,否,否,否
314,抹茶布丁,布丁精灵,抹茶布丁负责舒缓与修复，它会释放带草本气息的挥发物，闻到这种气味，周围的生物会更容易安定下来。它们对同伴与洛克都很亲近，会抱住洛克身上的细小伤口，通过触碰治愈创伤。,茶多酚-离场后，更换入场的精灵回复20%生命且免疫寄生。,水-草,546,101,32,101,94,98,120,2,30,血脉[草],0.39-0.51,6.21-7.9,海洋组-魔力组,雄性 50% / 雌性 50%,果冻进化链,否,否,否
315,椰浆布丁,布丁精灵,椰浆布丁负责降温与保鲜，它能在体表形成一层很薄的冷凝膜，使自身在温暖环境中不易软化变形。它常出现在有人维护的洁净水源附近，并更愿意与洛克共存，阴凉的室内能提高它们的舒适度。,吉利丁片-离场后，更换入场的精灵获得双防+20%且免疫冻结。,水-冰,562,133,34,89,81,105,120,2,30,血脉[冰],0.39-0.51,6.21-7.9,海洋组,雄性 50% / 雌性 50%,果冻进化链,否,否,否
316,熔岩布丁,布丁精灵,熔岩布丁负责增温与成熟，它体内的活性物质能促进糖分增多，在丰收季节，洛克常带着它们在可可果林区活动，帮助可可果形成更明显的甜香气味，洛克也常把它们的活跃视作可可果林健康的信号之一。,美拉德反应-离场后，更换入场的精灵获得双攻+20%且免疫灼烧。,水-火,564,128,87,33,112,84,120,2,30,[火]血脉,0.39-0.51,6.21-7.9,海洋组,雄性 50% / 雌性 50%,果冻进化链,否,否,否
317,星尘虫,吞噬精灵,洛克与精灵开始缔结契约的时候诞生的物种。以精灵契约为食，是极其稀少的物种。囫囵吞下咕噜球后，先整个保存在身体里一段时间，非常久之后才能完全消化掉。虽然也能吃其他食物，但很难从中获取养分。,契约的形状-根据捕捉所用的咕噜球，入场时获得不同效果。,虫,307,49,47,47,46,58,60,1,0,,0.15-0.2,0.45-1.4,昆虫组,雄性 50% / 雌性 50%,星尘虫进化链,否,否,否
318,落星虫,吞噬精灵,与精灵缔结契约的形式发生变化，咕噜球的样子世代更替，这一种族的外表也渐渐发生了变化。有人曾经尝试使用特殊咕噜球喂食，虫的形态在数年后发生变化，但实验没有继续下来，猜测是因为资金不足。,契约的形状-根据捕捉所用的咕噜球，入场时获得不同效果。,虫,407,65,62,62,61,77,80,2,20,,0.35-0.4,1.25-2.25,昆虫组,雄性 50% / 雌性 50%,星尘虫进化链,否,否,否
319,陨星虫,吞噬精灵,在这个虫族中存在着森严的等级制度，某些虫有资格吃到更稀有的咕噜球。咕噜球研究科曾经提出过一个实验课题《陨星虫与国王球的对撞实验》，后来课题被取消了，原因不明。,契约的形状-根据捕捉所用的咕噜球，入场时获得不同效果。,虫,509,81,78,78,76,96,100,3,40,,0.65-0.8,5.6-6.8,昆虫组,雄性 50% / 雌性 50%,星尘虫进化链,否,否,否
320,双灯鱼,小鱼精灵,头顶的光似乎并不是光系魔法，而是来自于某种寄生在其身上的会发光的细菌，目前不清楚发光细菌的其他特性，即使在水中也必须把头顶的灯伸到水面上。,对流-自己的能耗增加变为能耗降低；能耗降低变为能耗增加。,水-电,502,102,55,111,57,93,84,1,0,,0.5-0.72,14.9-17.8,海洋组,雄性 50% / 雌性 50%,双灯鱼进化链,否,否,是
321,利灯鱼,狂乱精灵,独居生物，个体之间保持距离，互不侵犯。常常自言自语，狂笑乱跳。据研究它们头顶的灯内有百万只以上的发光菌，肉眼很难观察。每只菌似乎都有独立意识，能够和本体进行沟通，甚至还有可能侵蚀本体的脑。,对流-自己的能耗增加变为能耗降低；能耗降低变为能耗增加。,水-电,626,128,68,138,71,116,105,2,30,,0.62-0.89,26.8-31.5,海洋组,雄性 50% / 雌性 50%,双灯鱼进化链,否,否,是
322,月牙雪熊,圆滚滚精灵,额前的星星质地不明，触感温热，能够从其中检测到异常的魔力波动。如果星星离开身体太远的话，身体会进入沉睡状态。“虽然它从不去看，但是魔法丢得很准。”,月牙雪糕-使用攻击技能时，敌方每有1层冻结，在攻击前使其获得1层星陨印记。,冰-幻,586,126,97,39,141,103,80,1,0,,1.25-1.45,76.5-92.5,动物组-巨灵组,雄性 50% / 雌性 50%,月牙雪熊进化链,否,否,是
323,嗜光嗡嗡,偷窃精灵,“经实验发现，其腹部含有特殊的器官，只对光系能量产生反应。因此，存放光水晶时需派遣光系精灵巡逻，混淆它们的感应。”“光系精灵一同发出抗议，要求王国打击嗜光嗡嗡的狂热跟踪和过分亲近行为。”,血型吸引-敌方每携带1种系别的技能，自己攻击时威力+10。,恶-光,505,74,91,91,57,100,92,1,0,,0.24-0.32,1.46-3.05,昆虫组,雄性 50% / 雌性 50%,嗜光嗡嗡进化链,否,否,是
324,窃光蚊,偷窃精灵,在微光沼泽，有不少因为长期触光水晶而琥珀化的精灵，这里面却没有恶名昭著的窃光蚊。这是因为窃光蚊会互相合作，一旦有个体吸收了过多光系能量，其他伙伴就会去吸收，帮助其减少体内的能量浓度。,血型吸引-敌方每携带1种系别的技能，自己攻击时威力+10。,恶-光,630,93,113,113,71,125,115,2,28,击败3只光系精灵,0.53-0.66,7.05-9.62,昆虫组,雄性 50% / 雌性 50%,嗜光嗡嗡进化链,否,否,是
325,柴渣虫,薪火精灵,“请避免在秋季携带柴渣虫进入山林，若因未采取防火措施而促成险情，洛克将承担所有责任。”——一则来自魔法部的公告,煤渣草-在场时，所有灼烧的衰减变为增长。,火-草,462,108,96,38,82,58,80,1,0,,0.45-0.55,14.5-18.6,昆虫组-植物组,雄性 50% / 雌性 50%,柴渣虫进化链,否,否,是
326,燃薪虫,薪火精灵,木头已经失去了生命迹象，没有实体的火焰精灵在死去木头的身体里栖息。往往喜欢热闹，洛克族的亲近和合作关系会让它们非常自豪。,煤渣草-在场时，所有灼烧的衰减变为增长。,火-草,579,135,120,48,103,73,100,2,40,生涯累计使用[引燃]3次,1.1-1.25,72.5-87.5,昆虫组-植物组,雄性 50% / 雌性 50%,柴渣虫进化链,否,否,是
327,空空颅,骨头精灵,夜晚很容易在破旧的空屋见到。力量弱小但长着骇人的面容，会恐吓其他精灵，以此来保护自己。它几乎不依赖视觉，通过感知热量来判断生物的位置与距离。,搜刮-敌方每使用1次「聚能」技能或更换精灵，自己入场时获得魔攻+20%。,幽,280,70,7,37,54,64,48,1,0,,0.43-0.61,5.6-8.7,魔力组-巨灵组,雄性 50% / 雌性 50%,空空颅进化链,否,是,是
328,夜宿颅,骨头精灵,吓退其他精灵以取乐，有人说它们以恐惧为食，但没人考证过真假。长出双爪后，行动更加自如，有了保护自己的能力。,搜刮-敌方每使用1次「聚能」技能或更换精灵，自己入场时获得魔攻+20%。,幽,373,94,9,49,72,85,64,2,30,生涯使用[勾魂]3次,0.82-1.18,27.6-34.3,魔力组-巨灵组,雄性 50% / 雌性 50%,空空颅进化链,否,是,是
329,夜枭,骨头精灵,充盈着魔力的巨爪十分有力，曾经被夜枭吞下过的生命，虽然躯体看似无碍，灵魂却缺失了一部分。,搜刮-敌方每使用1次「聚能」技能或更换精灵，自己入场时获得魔攻+20%。,幽,464,117,10,61,90,106,80,3,50,,1.45-2.07,58.6-66.5,魔力组-巨灵组,雄性 50% / 雌性 50%,空空颅进化链,否,是,是
330,粉粉星,果冻精灵,身体里流淌着神秘的星光能量，打喷嚏的时候会下星星雨。喜欢聚在一起舞蹈，舞蹈时能看到漂亮的星光在它们周围环绕，推测这是粉粉星们交流的一种方式。,星地善良-回合结束时，若场上的己方精灵能量等于0，自己立即替换此精灵。,电-幻,495,93,54,102,57,101,88,1,0,,0.53-0.76,2.1-3.0,妖精组-软体组,雄性 50% / 雌性 50%,粉粉星进化链,否,否,是
331,小皮球,果冻精灵,浑身散发着紫色的微光，有时会在夜晚拿出珍藏的星星，为迷途的旅人照亮归途。得益于柔软的身体结构，能够将不稳定的星光能量储存在体内，据说星星的亮度代表着存储能量的强度。,星地善良-回合结束时，若场上的己方精灵能量等于0，自己立即替换此精灵。,电-幻,618,116,68,127,71,126,110,2,32,,0.7-1.0,6.4-8.12,妖精组-软体组,雄性 50% / 雌性 50%,粉粉星进化链,否,否,是
332,贝瑟,蒸汽精灵,拥有坚硬而沉重的外壳，靠石头和木头补充能量，在能量短缺的时候会靠睡觉度过。 “它是坚硬的，它永远不会破碎。可当你狠心地对待它，它终究会伤心地沉睡。”,贪心算法-1号位技能获得传动1，且使用后使敌方获得6层灼烧。,机械-火,385,79,46,78,51,98,33,1,0,,0.57-0.82,24.5-34.6,机械组,雄性 50% / 雌性 50%,贝瑟进化链,否,否,是
333,贝加尔,蒸汽精灵,身体结构十分精巧，能够最高效地利用能源，是某些发热供暖装置的设计原型。但在氧气不足的地方身体会逐渐冷下来进入睡眠状态。“经过了岁月的磨练和沉淀，透露出时光的浑厚。”,贪心算法-1号位技能获得传动1，且使用后使敌方获得6层灼烧。,机械-火,512,105,61,104,68,130,44,2,28,,0.9-1.2,87.6-97.5,机械组,雄性 50% / 雌性 50%,贝瑟进化链,否,否,是
334,贝古斯,蒸汽精灵,能够通过头顶的蒸汽猜出贝古斯的心情，对于它们而言，不同的心情需要消耗不同数量的矿石。 “它是安静的，像座山一样，守候在这里，亘古不变，然而它又是有生命的，内心之中迸发出无限的生机。”,贪心算法-1号位技能获得传动1，且使用后使敌方获得6层灼烧。,机械-火,641,132,76,130,85,163,55,3,38,,1.55-1.8,248.0-286.0,机械组,雄性 50% / 雌性 50%,贝瑟进化链,否,否,是
335,粉星仔,流星精灵,习性和语言都与目前所知的任何精灵种族不同，身体轻盈，皮肤柔软但极其有韧性。研究学者偶然拾取到它星星飘下的碎屑，密度极高但质量非常轻，研究发现其材质也不属于卡洛西亚大陆的任何一种已知材质。,双向光速-在场时，双方回合结束时的效果会额外触发1次。,幻,514,80,63,119,58,102,92,1,0,,0.39-0.5,9.8-12.8,妖精组-天空组,雄性 50% / 雌性 50%,粉星仔进化链,否,否,是
336,粉耳星兔,信使精灵,踏着流星而来的信使，在洛克族里传闻对着它们说话有概率可以梦想成真。它们总是很着急，在夜幕下如同一道道银针般穿行，谁让这世间的许愿总是太多、太多了呢。,双向光速-在场时，双方回合结束时的效果会额外触发1次。,幻,642,100,79,148,73,127,115,2,32,,0.55-0.75,16.82-23.81,妖精组-天空组,雄性 50% / 雌性 50%,粉星仔进化链,否,否,是
337,落陨星兔,信使精灵,“能够在流星上倾听许愿的家伙，总会被认为是善良的吧？嘻嘻，它们可从来没说过会以什么方式实现哦！扭曲的实现也是实现。不愿以他人的理想为自己一生的追求，却也无法逃脱命运的桎梏。那么来吧，向它们许愿吧”！,陨落-在场时，双方回合结束时的效果不会触发。,幻-幽,637,93,61,125,87,141,130,2,32,[幽]血脉,0.55-0.75,16.82-23.81,妖精组-天空组,雄性 50% / 雌性 50%,粉星仔进化链,否,否,是
338,布瓜蝌,好运精灵,这本来是一只布瓜形状的娃娃，缝制它的老洛克以“不挂科”的谐音为它取了名字，希望它能给魔法学院的小洛克们带来好运。没想到布娃娃因为被赋予非常多爱与希望的力量，竟然诞生了生命和意识。,张弛有度-周末时自己获得双攻+40%，其他时间获得双防+40%。,幻,442,91,84,35,81,55,96,1,0,,0.32-0.51,0.45-1.65,两栖组,雄性 50% / 雌性 50%,布瓜蝌进化链,否,否,否
339,上岸蛙,祈愿精灵,布娃娃诞生了意识之后，因为想要快快奔向小洛克的身边为它们带来好运，所以演化出了擅长弹跳的双腿，跳跃着冲向魔法学院。有传闻说，如果小洛克在考试前听100遍上岸蛙们的“呱呱”声，就可以心想事成，逢考必过。,张弛有度-周末时自己获得双攻+40%，其他时间获得双防+40%。,幻,554,114,106,44,101,69,120,2,33,,0.65-0.87,5.8-8.1,两栖组,雄性 50% / 雌性 50%,布瓜蝌进化链,否,否,否
340,火红尾,烈马精灵,午为烈火之马，丙在天为阳——当二者相遇，火红尾从赤云中探出，它来自东方，额前的火纹像初升之阳，鬃毛如飞天的飘带。东方的洛克会在春节把绘有火红尾纹样的灯笼挂于檐角，灯火随风一晃，便似驹影掠过，寓意为火马开岁，光明满堂。,天通地明-攻击时，若敌方血脉是污染血脉，技能威力+100%。,火,511,67,56,129,70,89,100,1,0,,0.72-0.98,17.5-30.5,动物组,雄性 50% / 雌性 50%,火红尾进化链,否,否,是
341,雅丹鬃,烈马精灵,岁首更替，丙午是天地通明的光明之年，传闻雅丹鬃是光明的使者，会在新年的子夜仰首长嘶，声如裂帛，鬃毛化作飞天的流火长带，照得千里沙海通明。此时，万盏红灯同时亮起，仿佛回应烈马奔腾——天地通明，光明永昼。,天通地明-攻击时，若敌方血脉是污染血脉，技能威力+100%。,火,639,83,70,162,88,111,125,2,36,,1.7-2.06,49.5-71.2,动物组,雄性 50% / 雌性 50%,火红尾进化链,否,否,是
342,春团,兔精灵,春天草原上出生的小兔，成群出现，以露水为食。吸收的露水储存在耳囊中，因此散发出浆果和青草的香味。,系统发育-获得能量或生命时，会将等量的能量或生命随机分配给场下的精灵。,草,341,48,51,57,65,57,63,1,0,,0.35-0.51,2.1-3.6,动物组-妖精组,雄性 50% / 雌性 50%,春团进化链,否,否,否
343,春兔,大耳朵精灵,耳朵的皮肤呈透明玻璃状，触感柔软，内部可以储藏更多的露水。总是细心地做着准备，可以把自己和身边的同伴都照顾得很好，经常用手中的四叶草为其他精灵同伴遮雨。,系统发育-获得能量或生命时，会将等量的能量或生命随机分配给场下的精灵。,草,455,63,68,76,87,77,84,2,21,,0.61-0.87,6.8-8.5,动物组-妖精组,雄性 50% / 雌性 50%,春团进化链,否,否,否
344,春花兔,大耳朵精灵,即使找不到水源，也可以吸收耳朵里储存的大量露水。手中的四叶草变为双枪，能够汲取自然中逸散的草系能量，也能作为媒介释放魔法。经常帮助其他精灵，在某些地方被称为勇者兔兔。,系统发育-获得能量或生命时，会将等量的能量或生命随机分配给场下的精灵。,草,557,79,85,95,103,90,105,3,38,,0.85-1.15,18.5-33.5,动物组-妖精组,雄性 50% / 雌性 50%,春团进化链,否,否,否
345,幽星光,观星精灵,无数幽星光家族的精灵们花费了几千年时间仰望星空，并持续观察和记录，星星的轨迹被它们编成旋律，一代代传唱。,守望星-触发星陨印记时仅消耗一半层数，仍造成满层伤害。,幻,319,49,21,63,48,63,75,1,0,,0.4-0.55,0.6-1.65,妖精组-巨灵组,雄性 50% / 雌性 50%,幽星光进化链,否,否,否
346,曜星光,观星精灵,越来越多的星星汇聚在它身侧，应和它的歌声。它们能从星星的光芒中读取漫长岁月的信息，并通过拨动星环预知未来星星们前行的方向。,守望星-触发星陨印记时仅消耗一半层数，仍造成满层伤害。,幻-翼,425,65,28,84,64,84,100,2,21,,0.88-1.05,3.0-4.5,妖精组-巨灵组,雄性 50% / 雌性 50%,幽星光进化链,否,否,否
347,暮星辰,观星精灵,当知识积累到一定程度，曜星光便会和星辰共鸣，化身暮星辰。一颗星辰寂灭，一颗星辰升起。涌起的黑洞已然吞噬了它的心灵。无穷无尽的冰冷与空洞啊——但是它依然在等待，等待新的行星诞生。,守望星-触发星陨印记时仅消耗一半层数，仍造成满层伤害。,幻-翼,532,81,35,106,80,105,125,3,38,,1.85-2.05,7.5-10.5,妖精组-巨灵组,雄性 50% / 雌性 50%,幽星光进化链,否,否,否
348,钨丝贝贝,独轮车精灵,被洛克制造并赋予美好的使命，它们的底层结构里面写着“去吧，去给孩子们带来快乐吧。”于是它们年复一年日复一日，用不太灵光的脑袋想，用有点笨的小手做，尝试制作出所有能让洛克感觉到快乐的事物。,狂欢开始-在场时，背包里会变化出随机精灵，随机精灵只能与本精灵相互更换。本精灵受到的克制伤害+25%。,机械,358,62,68,63,78,54,33,1,0,,0.54-0.73,9.7-14.8,,雄性 50% / 雌性 50%,钨丝贝贝进化链,否,否,否
349,辉光幕机,独轮车精灵,经常对着空气练习，有洛克靠近时会立刻启动表演程序。有时显得笨拙不够善解人意，如果小洛克曾因为它的笑话而微笑，它可以不眠不休追着小洛克讲三天三夜的笑话，然后直接昏倒。,狂欢开始-在场时，背包里会变化出随机精灵，随机精灵只能与本精灵相互更换。本精灵受到的克制伤害+25%。,机械,478,83,91,84,104,72,44,2,28,突破1次,1.03-1.41,31.5-57.6,,雄性 50% / 雌性 50%,钨丝贝贝进化链,否,否,否
350,机幕方舟,马戏团精灵,努力观察着所有洛克，曾经因为什么而变得快乐。它默默地把这些瞬间记录下来，尝试动手改造自己，用机械系的魔法制作成「心脏」，希望能够模拟感受到洛克从心底感受到的快乐。,狂欢开始-在场时，背包里会变化出随机精灵，随机精灵只能与本精灵相互更换。本精灵受到的克制伤害+25%。,机械,597,104,113,105,130,90,55,3,40,突破2次,1.68-2.01,128.0-237.0,,雄性 50% / 雌性 50%,钨丝贝贝进化链,否,否,否
351,凡雀,平凡精灵,和普通的鸟精灵看起来差不多，小小的，连叫声都不怎么响亮，只是独自站在崖石上，每天扑扇几下翅膀，比昨天多飞出一点点距离。 “走自己最平凡的路，按照自己的意志行动，追逐自己最真实的梦想”。,展翅-在场时，自己携带的普通系技能变为翼系技能，若后于对手行动，自己受到的伤害+25%。,翼,372,71,55,53,52,66,75,1,0,,0.35-0.5,3.08-6.0,,雄性 50% / 雌性 50%,凡雀进化链,否,否,否
352,紫翎鹰,不屈精灵,"安静独立的精灵，在长期在高空迎风飞行后，翅膀尖端开始显出橘色的翎羽，它们一天一天地练习，一根羽毛一根羽毛地蜕变，翼系研究员管这个过程叫""凡羽蜕金""。",展翅-在场时，自己携带的普通系技能变为翼系技能，若后于对手行动，自己受到的伤害+25%。,翼,496,94,74,71,69,88,100,2,28,突破1次,0.65-0.85,13.04-20.5,,雄性 50% / 雌性 50%,凡雀进化链,否,否,否
353,凡鹰,非凡精灵,身形变成了梭形，修长的尾羽薄而宽，能把横着吹来的山风悄悄转成向上的托力。研究院测过它的风阻系数，低得离谱，但凡鹰自己好像并不在意这些数据。它飞得很稳，不快不慢，从平凡到非凡，它从没停过，也从没急过。,展翅-在场时，自己携带的普通系技能变为翼系技能，若后于对手行动，自己受到的伤害+25%。,翼,620,118,92,89,86,110,125,3,40,突破2次,1.64-2.23,46.35-68.27,,雄性 50% / 雌性 50%,凡雀进化链,否,否,否
354,小雪人,小雪球精灵,头顶的眼是精致的拟态结构，而真正的眼部和头部在腹部，都还很脆弱。魔法师们发现，它的腹部有厚厚的抗冻组织，能在极寒环境中保护核心器官。,大雪球-自己使用2次不同的冰系技能后，对手获得4层冻结，随后特性重置。,冰,509,101,85,80,78,105,60,1,0,,0.75-0.94,43.3-87.5,,雄性 50% / 雌性 50%,小雪人进化链,否,否,是
355,雪怪,大雪球精灵,吃掉足够多的暴风雪后就会进化成这个样子。手里永远攥着两个雪球，试图让自己看起来凶猛一些，但其实是个温柔的大家伙，经常偷偷帮迷路的精灵们搭建避风的小雪屋。,大雪球-自己使用2次不同的冰系技能后，对手获得4层冻结，随后特性重置。,冰,636,126,107,99,98,131,75,2,40,生涯使用[滚雪球]15次,1.75-2.33,120.0-187.4,,雄性 50% / 雌性 50%,小雪人进化链,否,否,是
356,爆焰仔,小火球精灵,肚子里有一个小小的爆焰囊，当蓄满火焰时，肚子会鼓成圆滚滚的球状。如果看到它突然捂住肚子，最好赶紧躲开——那是爆焰囊过载的警告！,大火球-自己使用2次不同的火系技能后，下次技能无需蓄力，随后特性重置。,火-龙,498,89,101,50,105,65,88,1,0,,0.65-0.85,21.0-38.5,,雄性 50% / 雌性 50%,爆焰仔进化链,否,否,是
357,爆焰喷喷,大火球精灵,腹部的爆焰囊扩张了三倍，蓄能时会使整个躯体膨胀如热气球，火焰甚至会从鳞片间隙逸散。古代文献记载，曾有爆焰喷喷在火山口蓄能三天三夜，最终喷射的龙焰照亮了整个夜空。,大火球-自己使用2次不同的火系技能后，下次技能无需蓄力，随后特性重置。,火-龙,624,112,127,63,131,81,110,2,40,生涯使用[流星火雨]15次,1.65-1.81,47.5-69.5,,雄性 50% / 雌性 50%,爆焰仔进化链,否,否,是
358,猴麦仔,吼猴精灵,经常抓着尾巴不停讲话，通过奇妙的头部和尾部结构将自己的声音放大，这是在向周围散播“和我一起玩吧”的信号。如果观察到猴麦仔这样做，可以去和它玩耍试试，它会很开心自己的声音被洛克所听到。,换碟-自己携带的音波弹/音爆/金属噪音/午夜噪音威力提升，且获得巧变：同系别技能。,普通-机械,529,93,75,121,50,102,88,1,0,,0.57-0.79,8.4-17.6,动物组-机械组,雄性 50% / 雌性 50%,猴麦仔进化链,否,否,是
359,音碟吼,唱片精灵,进化后嗓门大得惊人，更加渴望被听到，想让所有洛克都听见自己的声音。同类碰面时会争抢谁先拿麦，双方轮流对着吼，谁的声音更大谁就赢。有研究员曾记录到两只音碟吼对峙了整整一周，最终以一方嗓子沙哑告终。,换碟-自己携带的音波弹/音爆/金属噪音/午夜噪音威力提升，且获得巧变：同系别技能。,普通-机械,661,116,94,151,63,127,110,2,32,,0.77-1.08,23.1-40.8,动物组-机械组,雄性 50% / 雌性 50%,猴麦仔进化链,否,否,是
360,加油海葵,海葵精灵,身体柔软，会随着水流轻轻摇摆，安静无害，常被误认为普通的装饰，似乎并不想进化。曾有洛克研究员研究这一物种后感概：生命自有出路。,拉拉队长-若自己在萌化状态下再获得萌化会解除萌化。,水-萌,547,93,87,87,102,102,76,1,0,,0.35-0.47,2.9-4.15,妖精组-两栖组,雄性 50% / 雌性 50%,加油海葵进化链,是,否,是
361,加油蟹,螃蟹精灵,加油海葵放弃了锤炼自己变得更强这一进化手段，它们和加油蟹一起构建出特殊的共生关系。这个世界足够宽容，小小精灵不必努力变得更强大，只要健康快乐就好。,拉拉队长-若自己在萌化状态下再获得萌化会解除萌化。,水-萌,683,116,108,108,128,128,95,2,28,在他人世界中,0.51-0.78,6.75-11.7,妖精组-两栖组,雄性 50% / 雌性 50%,加油海葵进化链,是,否,是
362,小丑豆豆,小丑精灵,在人群中偶尔觉得焦虑的小朋友，看起来有些多动，总是晃悠身体，实际上是在缓解焦虑给自己勇气，不太善于表达。,戏耍-自己无法回复生命，而是将回复生命变为敌方扣除等量生命。,恶,436,66,87,88,49,74,72,1,0,,0.48-0.65,4.85-6.35,妖精组-拟人组,雄性 50% / 雌性 50%,小丑豆豆进化链,否,否,是
363,小丑兔,小丑精灵,仍然有些闲不住，但它正在学着克制，想蹦的时候就抛球，把冲动转化到了抛球中。不过偶尔还是会忍不住，球抛着抛着身体就跟着飞了出去。,戏耍-自己无法回复生命，而是将回复生命变为敌方扣除等量生命。,恶,583,88,116,118,66,99,96,2,16,累计跟随1分钟,0.78-0.96,11.75-14.75,妖精组-拟人组,雄性 50% / 雌性 50%,小丑豆豆进化链,否,否,是
364,小丑公爵,小丑精灵,依然爱动，所有躁动化作指尖球技，它的迈步从容而有节奏，抛球的轨迹优雅得像一门艺术。它的耳朵随着每一次弹跳有规律地颤动，就像洛克喜欢抖腿，这是它唯一泄露出来的小破绽。,戏耍-自己无法回复生命，而是将回复生命变为敌方扣除等量生命。,恶,729,111,145,147,82,124,120,3,36,,1.24-1.63,38.5-47.6,妖精组-拟人组,雄性 50% / 雌性 50%,小丑豆豆进化链,否,否,是
365,烟花团,烟花精灵,爱扎堆聊天的小话痨，走到哪聊到哪，头顶的烟花就是它们的聊天气泡，聊得越开心，烟花崩得越热闹。脑袋上噼里啪啦闪个不停，如果看到落单的烟花团一整天头上都没有冒出烟花，请多关心它的心理健康。,焰色反应-在场时，衰减的灼烧变为相同层数的中毒。,火-毒,389,61,35,89,50,78,76,1,0,,0.33-0.5,5.05-6.32,机械组-魔力组,雄性 50% / 雌性 50%,烟花团进化链,否,否,是
366,烟花伯爵,烟花精灵,进化后社交圈更广了，走在城镇街道上，即使遇到不认识的精灵也能停下来聊两句。它们主动承担了一些王国业务，负责节日庆典的烟花表演，几只烟花伯爵就能组成一个专业团队。,焰色反应-在场时，衰减的灼烧变为相同层数的中毒。,火-毒,485,76,44,111,62,97,95,2,36,跟随1分钟,0.6-0.88,10.5-22.5,机械组-魔力组,雄性 50% / 雌性 50%,烟花团进化链,否,否,是
367,咕咕帽,鸽子精灵,看到洛克就想展示刚学的魔法。可惜魔力还不够，变得不太好，偶尔还有可能失败，表演失败之后它会钻进帽子里面反思，过一会儿又探出脑袋继续尝试。,魔术帽-在场时，场上双方携带的技能获得巧变：同系别技能。,幽,515,103,74,72,110,76,80,1,0,,0.38-0.55,2.18-5.76,妖精组,雄性 50% / 雌性 50%,咕咕帽进化链,否,否,是
368,咕德帽帽,魔术师精灵,认为变出东西的魔法很厉害，于是想要传授给其他精灵这项技术，可惜其他精灵都不是很感兴趣，只有咕咕帽不厌其烦地每天请教，它很开心，于是更加殷切地陪练。,魔术帽-在场时，场上双方携带的技能获得巧变：同系别技能。,幽,642,128,92,90,137,95,100,2,36,累计跟随1分钟,0.69-0.96,7.68-14.3,妖精组,雄性 50% / 雌性 50%,咕咕帽进化链,否,否,是
369,炫光迪迪,灯球精灵,自己不能发光，但背部覆盖着镜面般的鳞片，蜷缩成球就可以把微小的光芒反射成绚烂的闪光。拥有很多的爱，常常兴奋地滚向最近的洛克！想在闪光中跳跃，想一起共舞一辈子！,安可-使用光系技能后，回合结束时自己返场。,电-光,551,83,95,111,52,106,104,1,0,,0.47-0.68,26.0-37.1,动物组-大地组,雄性 50% / 雌性 50%,炫光迪迪进化链,否,否,是
370,霹雳迪迪,迪斯科精灵,古老物种在漫长的时间里发生演化，曾经独自栖息在安静与黑暗里面，偶尔靠敲击山石的回音和其他个体沟通。这让它们对声音无比敏感和渴望，它们拥有坚定的心，一直等到可以在光里热烈地表达。,安可-使用光系技能后，回合结束时自己返场。,电-光,690,104,119,139,65,133,130,2,32,,1.6-1.87,66.8-89.3,动物组-大地组,雄性 50% / 雌性 50%,炫光迪迪进化链,否,否,是
371,小鼓象,象精灵,鼻子和尾巴末端有个圆圆的结，走路时摇摇摆摆，肚子被敲出奇妙的鼓点，其他精灵们听到后不由自主地被吸引，跟着它的鼓点巡游。,合拍-本回合与敌方使用的技能在系别/类型/能耗上每有1项相同，回合结束时获得物攻和物防永久+10%。,机械,513,104,86,56,139,64,64,1,0,,0.64-0.83,5.16-8.3,动物组-机械组,雄性 50% / 雌性 50%,小鼓象进化链,否,否,是
372,巨鼓象,象精灵,经常把听到过的旋律一段一段地敲出来，但是它的记忆力不太好，经常把好几首曲子混在一起敲，发出谁也听不懂的节奏，只有巨鼓象自己敲得很起劲。有评论家说，虽然听不懂，但别有一番风味。,合拍-本回合与敌方使用的技能在系别/类型/能耗上每有1项相同，回合结束时获得物攻和物防永久+10%。,机械,640,130,107,70,173,80,80,2,36,累计跟随1分钟,0.93-1.2,35.6-59.1,动物组-机械组,雄性 50% / 雌性 50%,小鼓象进化链,否,否,是
373,牵线木偶,愉悦精灵,总是一副亲切愉悦的样子，备受小洛克们的喜欢，但似乎在没人的时候它们不会展现出一丁点生气。曾经不分昼夜持续观测一年，且让样本知道自己被观测，期间样本呈现愉悦的状态。停止观测一小时后样本所有生命体征均消失。,盲从-可以携带多个复写/借用/取念技能，非幻系技能能耗-2。,幻,509,77,83,89,69,107,84,1,0,,0.63-0.91,5.97-8.7,妖精组-拟人组,雄性 50% / 雌性 50%,牵线木偶进化链,否,否,是
374,帅帅魔偶,傀儡精灵,非常偶然的情况下发现它们殴打自己身上闪烁着的微光的提线。提线中流动着强大魔力，以此来操纵结构精巧的木质结构身体，看似十分脆弱，但在幻系魔力的支撑下，有着令人意想不到的破坏力。,盲从-可以携带多个复写/借用/取念技能，非幻系技能能耗-2。,幻,636,97,104,111,86,133,105,2,40,,0.89-1.27,15.1-21.2,妖精组-拟人组,雄性 50% / 雌性 50%,牵线木偶进化链,否,否,是
375,学院呱呱,兔兔精灵,心中怀揣着对魔法的强烈渴望和对广阔知识世界的向往，呱呱从玄玉岛来到魔法学院。咒语对它们来说就像绕口令，因此需要花费更多的时间来学习，在魔法学院的走廊，经常能看到它们带着歪歪扭扭的自学笔记飞奔的身影。,留学生-自己全技能能耗+2，可以学习全部攻击技能石。,武,614,132,99,99,92,92,100,1,0,,0.49-0.66,4.82-5.5,,雄性 50% / 雌性 50%,呱呱进化链,否,否,否
376,烈钻鸟,鸟仔精灵,喙部末端附着一层极硬的角质结构，快速啄击树干时能摩擦产生火星。经常能在林中看到它们一排排地啄树，似乎还没学会控制力度。被啄焦的树干是辨认这个种群栖息地的最好标志。,不死鸟-每场战斗1次，受到致命伤害时保留1血，且敌方获得15层灼烧。,火-翼,353,56,49,60,43,73,72,1,0,,0.67-0.95,4.7-5.8,天空组-动物组,雄性 50% / 雌性 50%,烈钻鸟进化链,否,否,否
377,长尾火鸟,鸟仔精灵,飞行时火焰席卷全身，在天空中拉出一道灼目的火痕。实际观测发现，它们的翅膀扇动频率远低于同体型鸟类，真正提供飞行推力的是尾部持续喷射的烈焰。,不死鸟-每场战斗1次，受到致命伤害时保留1血，且敌方获得15层灼烧。,火-翼,471,75,65,80,58,97,96,2,25,,0.84-1.2,15.5-21.6,天空组-动物组,雄性 50% / 雌性 50%,烈钻鸟进化链,否,否,否
378,火羽,涅槃精灵,整个种群中最罕见的形态，全身的火焰从未真正熄灭过。当生命走到新的阶段，它会主动飞向高空中最炽烈的那团火，将自己一同烧尽，而落在地面的那撮灰烬里，会诞生一枚新的蛋。,不死鸟-每场战斗1次，受到致命伤害时保留1血，且敌方获得15层灼烧。,火-翼,589,94,82,100,72,121,120,3,35,,1.33-1.91,79.6-87.5,天空组-动物组,雄性 50% / 雌性 50%,烈钻鸟进化链,否,否,否
379,叮叮卯,蜻蜓精灵,每一只叮叮卯都对应古堡中的某一扇门。想打开那扇门？先抓住它。但它飞行轨迹极其刁钻。好奇心很重，有时候反而会主动凑近你观察，一伸手就飞走了，留下一串叮叮的嘲笑声。,上锁-对手本回合使用的技能，冷却1回合。,机械-虫,502,117,45,81,75,136,48,1,0,,0.14-0.31,0.3-0.9,昆虫组-机械组,雄性 50% / 雌性 50%,叮叮卯进化链,否,否,否
380,飞飞钥,蜻蜓精灵,翅膀上的纹路变得更加复杂，据说纹路的图案和它守护的那扇门有关。它们会在飞行中观察追逐者，如果它主动落在你的手心里，恭喜你，是门后的秘密选中了你。,上锁-对手本回合使用的技能，冷却1回合。,机械-虫,628,146,57,101,94,170,60,2,32,,0.38-0.51,1.15-1.9,昆虫组-机械组,雄性 50% / 雌性 50%,叮叮卯进化链,否,否,否
381,碎晶蝎,蝎子精灵,钳子其实还很脆弱，夹不碎太硬的东西。尾巴尖上粘着几块它从地底矿脉上敲下来的水晶，这可是非常厉害的成果，它见谁都举着尾巴，以此显示自己厉害。,流沙统治者-天气为沙暴时，自己获得速度+50。,恶-地,386,65,76,70,71,47,57,1,0,,0.4-0.54,9.32-14.5,昆虫组-大地组,雄性 50% / 雌性 50%,碎晶蝎进化链,否,否,否
382,晶尾蝎,蝎子精灵,不停锤炼自己，以获得更强的力量。它开始主动挑战占据优质矿脉的对手，被它占领过的矿脉上都留着深深的钳痕，就像是它们的签名。,流沙统治者-天气为沙暴时，自己获得速度+50。,恶-地,515,86,101,94,95,63,76,2,20,,0.48-0.59,15.5-25.5,昆虫组-大地组,雄性 50% / 雌性 50%,碎晶蝎进化链,否,否,否
383,蝎子王,蝎子精灵,头上的王冠是它从地底最硬的矿石上凿下来自己戴上的，非常霸道，会霸占矿脉最好最显眼的地段趴着晒太阳，太阳让他的钳子拥有更强的力量。,流沙统治者-天气为沙暴时，自己获得速度+50。,恶-地,644,108,126,117,119,79,95,3,40,,0.61-0.82,33.0-45.0,昆虫组-大地组,雄性 50% / 雌性 50%,碎晶蝎进化链,否,否,否
384,森豆丁,巨人精灵,“■■过处。■■生芽。” “不知■■。只觉世间常有新绿。” “■■，飘零。尚不知此言何意。” ——拓自巨人裂谷苔壁,盘根木-初始生命为10%，入场前己方精灵每使用1次草系技能，回复30%生命。,草,396,87,93,42,79,53,42,1,0,,0.72-1.1,16.0-27.7,巨灵组-拟人组,雄性 50% / 雌性 50%,森豆丁进化链,否,否,否
385,森蛮人,巨人精灵,“伤者愈，周遭同绿。” “连枝者参天。” “行过之处，枝连枝，根连根。” ——拓自巨人裂谷断崖,盘根木-初始生命为10%，入场前己方精灵每使用1次草系技能，回复30%生命。,草,527,115,124,56,106,70,56,2,28,,1.05-1.39,71.0-100.0,巨灵组-拟人组,雄性 50% / 雌性 50%,森豆丁进化链,否,否,否
386,森巨人,巨人精灵,“此地曾为荒石。有巨型精灵驻足，■■■■。” “草本同春，荣枯有时。三者相依，■■广袤；各自孤生，沦为■■。” ——一处比较新的草系氏族笔触刻凿痕迹,盘根木-初始生命为10%，入场前己方精灵每使用1次草系技能，回复30%生命。,草,659,144,155,70,132,88,70,3,40,,1.41-1.69,160.7-200.0,巨灵组-拟人组,雄性 50% / 雌性 50%,森豆丁进化链,否,否,否
387,霹雳宝宝,爱音乐精灵,额前的闪电印记平时并不蕴含电能，可一旦周围响起音乐，便会迅速通体带电。常能看见三两只聚在一处，一边蹦跳一边迸出细小的电火花，这是它们正在彼此充电。,电子音乐-天气为雷鸣时，使用电系技能后敌方获得引电。,电,381,54,66,66,67,56,72,1,0,,0.57-0.71,6.68-10.8,巨灵组-拟人组,雄性 50% / 雌性 50%,霹雳宝宝进化链,否,否,否
388,雷鸣小子,爱音乐精灵,在野外撞见它们时，总能听见断断续续的哼唱，谁也听不出是什么曲子，却莫名洗脑。它们其实是在用声音与旋律交谈，每一段哼唱里都藏着想要递给同伴的话。,电子音乐-天气为雷鸣时，使用电系技能后敌方获得引电。,电,508,72,88,88,90,74,96,2,22,,0.85-1.1,27.9-57.1,巨灵组-拟人组,雄性 50% / 雌性 50%,霹雳宝宝进化链,否,否,否
389,雷神之子,爱音乐精灵,歌声与电能已经完全融为一体，群体齐唱时，对其他种族而言那是一场雷暴，对它们而言只是一次合唱，某位魔法学院爱音乐的老师曾经评价它们：曲子很好听，也很致命。,电子音乐-天气为雷鸣时，使用电系技能后敌方获得引电。,电,635,90,110,110,112,93,120,3,40,,1.44-1.73,77.0-91.3,巨灵组-拟人组,雄性 50% / 雌性 50%,霹雳宝宝进化链,否,否,否
390,雪灵兽,雪狐精灵,白色绒毛软得像刚落的新雪，非常温顺，会安安静静地跟在洛克身后，偶尔用湿凉的鼻尖轻轻碰一下洛克的手，它很乐意被洛克抱着、被摸头、被带着散步。,冰雪魂魄-天气为暴风雪时，冰系技能威力+100%。,冰,331,62,51,14,67,62,75,1,0,,0.47-0.59,5.0-6.9,动物组,雄性 50% / 雌性 50%,雪灵兽进化链,否,否,否
391,幻雪兽,雪狐精灵,体型长大了一些，白毛更浓密，它依然允许洛克靠近，但是已经学会了要保持一点距离。它有时候会突然停下来，抬头嗅着风中的气息，眼睛里掠过一丝野性。,冰雪魂魄-天气为暴风雪时，冰系技能威力+100%。,冰,441,83,68,19,89,82,100,2,32,,0.66-0.91,9.8-19.1,动物组,雄性 50% / 雌性 50%,雪灵兽进化链,否,否,否
392,饮雪狂兽,雪狐精灵,暴风雪来的时候它们会迎着风跑出去，它以雪为食，等风暴过去，又会安静地回到洛克身边，它们的眼睛里比小时候多了许多丰富的情绪，不曾改变的是一份从未消失的倔强。,冰雪魂魄-天气为暴风雪时，冰系技能威力+100%。,冰,552,104,85,24,111,103,125,3,46,,1.45-1.9,61.3-84.3,动物组,雄性 50% / 雌性 50%,雪灵兽进化链,否,否,否
393,火豆丁,巨人精灵,滚烫的岩石对这个种群而言就是皮球，它们会把熔岩抱着、滚着、互相砸着玩。它们不明白为什么其他精灵和洛克看到它们就跑。想跟外族打招呼时会双拳碰击，但这个动作至今被误读为宣战——因此火系部族的“社交”几乎全部以战斗收场。,淬炼火-入场前己方精灵每使用1次火系技能，获得攻防+10%，速度+10。（最多触发10次）,火,214,45,46,15,49,30,29,1,0,,0.88-1.25,7.5-11.0,巨灵组-拟人组,雄性 50% / 雌性 50%,火豆丁进化链,否,否,否
394,火蛮人,巨人精灵,群体活动时，方圆百米内都会火星四溅。它们觉得这很热闹，完全不理解附近的精灵为什么会逃走。它们偶尔会把熔岩块扔向其他部族当打招呼，三族争斗大多是这么挑起的。,淬炼火-入场前己方精灵每使用1次火系技能，获得攻防+10%，速度+10。（最多触发10次）,火,287,60,62,20,65,41,39,2,28,,1.48-1.76,41.0-67.7,巨灵组-拟人组,雄性 50% / 雌性 50%,火豆丁进化链,否,否,否
395,火巨人,巨人精灵,躯体中流淌着不灭的岩浆，是巨人裂谷中破坏力最强的种群，实际整座山体的热源都来自于它们，不论是山下的温泉，还是热流，都源于它们无意间溢出的热量。,淬炼火-入场前己方精灵每使用1次火系技能，获得攻防+10%，速度+10。（最多触发10次）,火,359,75,77,26,81,51,49,3,40,,1.82-2.35,110.0-159.0,巨灵组-拟人组,雄性 50% / 雌性 50%,火豆丁进化链,否,否,否
396,友爱天天,朋友精灵,对它来说世界上没有陌生的洛克，只有还没认识的朋友。只要对它微笑一下，它头顶的光圈就会闪一闪，然后它会非常认真地记住这个小洛克。,友谊之果-回合结束时，双方队伍中的所有精灵回复1能量。,普通,446,97,30,93,70,80,76,1,0,,0.28-0.41,2.97-4.19,天空组-妖精组,雄性 50% / 雌性 50%,友爱天天进化链,否,否,否
397,友爱星飞,好朋友精灵,它们相信友谊不会消失，而会变成星星。积攒了足够多的友谊之后，这些关于友谊的愿力汇聚成了它尾部的一颗星。洛克触碰它们的星星后，能想起彼此陪伴中开心的事情。,友谊之果-回合结束时，双方队伍中的所有精灵回复1能量。,普通,558,122,37,116,88,100,95,2,32,,0.45-0.69,7.65-11.08,天空组-妖精组,雄性 50% / 雌性 50%,友爱天天进化链,否,否,否
398,莫比乌乌,循环精灵,透明的小身体里能看到水在不停地转啊转，它总是开心地扭来扭去。有时候睡一觉就长大了，再睡一觉又回到了小时候，它对此毫不困扰，哪里都可以是新的起点。,莫比乌斯-回合结束时，若自己的能量为0，则回复10能量。,龙-萌,436,72,36,98,66,84,80,1,0,,0.58-0.78,2.8-4.8,妖精组-飞龙组,雄性 50% / 雌性 50%,莫比乌乌进化链,否,否,否
399,克莱因龙,循环精灵,变大之后逐渐能控制身体中能量的循环，像推动一条流动的河，没有源头也没有尽头，它只是慢慢地看生命循环往复。,莫比乌斯-回合结束时，若自己的能量为0，则回复10能量。,龙-萌,545,90,45,122,83,105,100,2,36,,1.38-1.68,28.0-48.0,妖精组-飞龙组,雄性 50% / 雌性 50%,莫比乌乌进化链,否,否,否
400,瑰眼仔,呆呆精灵,总是缩在某个角落里不知道在想些什么，看似脑袋空空双眼无神，一副呆呆的样子。额头上第三只眼睛不是用来作为视觉器官，而是用来探测魔法能量的痕迹，使用时需要放空所有杂念。,瞳中倒影-自己或其他精灵离场时，自己与更换入场的精灵交换血量百分比。,恶-虫,373,67,59,60,59,71,57,1,0,,0.4-0.58,3.99-5.5,巨灵组-昆虫组,雄性 50% / 雌性 50%,瑰眼仔进化链,否,否,否
401,耳翎瑰魅,呆呆精灵,耳边的翎毛可以隔绝大部分声音，听力很差很差。研究人员从翎毛的特征入手进行分析，发现其在越嘈杂的环境下眼中的魔力越强。,瞳中倒影-自己或其他精灵离场时，自己与更换入场的精灵交换血量百分比。,恶-虫,497,89,78,80,79,95,76,2,28,,0.89-1.08,13.4-19.1,巨灵组-昆虫组,雄性 50% / 雌性 50%,瑰眼仔进化链,否,否,否
402,邪眼巨魔,恶魔精灵,原来它们一直在通过魔法感知高纬度能量，是十分谨慎的种族，甚至睡眠时间极短，常处于高度紧张的戒备状态。通过极短的间歇性闭目养神回复第三只眼睛中的魔力。,瞳中倒影-自己或其他精灵离场时，自己与更换入场的精灵交换血量百分比。,恶-虫,621,111,98,99,99,119,95,3,38,,1.35-1.58,49.0-56.0,巨灵组-昆虫组,雄性 50% / 雌性 50%,瑰眼仔进化链,否,否,否
403,觅觅蝠,翻垃圾精灵,常出现在垃圾堆和阴暗潮湿的洞穴里，常看到它们同类之间碰碰鼻子交流。看起来似乎是鼻子的部分用来放出声波探测周围信息，对味道的感知几近于零。,异类-携带的翼系攻击技能获得选择：能耗+1，攻击时吸血50%。,翼,360,76,60,59,58,74,33,1,0,,0.65-0.79,6.63-9.37,巨灵组-天空组,雄性 50% / 雌性 50%,觅觅蝠进化链,否,否,否
404,翻翻蝠,翻垃圾精灵,声波探测的范围变大了，专门翻找被其他精灵丢弃的东西。它们的鼻子能穿透层层堆积物精确定位目标，找到好东西后会兴奋地跟同伴碰鼻分享消息。,异类-携带的翼系攻击技能获得选择：能耗+1，攻击时吸血50%。,翼,478,101,79,78,78,98,44,2,16,时间段18点~次日6点,0.75-0.98,16.9-24.7,巨灵组-天空组,雄性 50% / 雌性 50%,觅觅蝠进化链,否,否,否
405,夜游魔,大蝙蝠精灵,一到天黑就集体出动，在夜空中无声地滑翔游荡。声波探测让它们在纯黑环境中如鱼得水。附近居民吓唬小小洛克说天黑不回家的话会被夜游魔吃掉。某些个体对此表示不赞同。,异类-携带的翼系攻击技能获得选择：能耗+1，攻击时吸血50%。,翼-恶,598,126,99,98,97,123,55,3,32,时间段18点~次日6点,1.38-1.75,49.3-71.3,巨灵组-天空组,雄性 50% / 雌性 50%,觅觅蝠进化链,否,否,否
406,芽眼魔,眼精灵,该种群的幼体已经展现出极强的领地排他性。眼球还很脆弱，几乎全天处于睡眠状态，但头顶的芽始终保持警戒，它们通过头顶的芽感受和接收外界一切信息。,滴眼液-天气为雨天时，使用水系攻击技能时吸血50%。,恶-水,370,80,62,59,58,66,45,1,0,,0.44-0.64,2.95-3.4,巨灵组-妖精组,雄性 50% / 雌性 50%,芽眼魔进化链,否,否,否
407,叶眼魔,眼精灵,如果你不幸走进了叶眼魔的领地，你会注意到空气中有一种异样的压迫感，好像被很多眼睛同时审视着，从不同角度同时锁定你。,滴眼液-天气为雨天时，使用水系攻击技能时吸血50%。,恶-水,492,107,82,78,77,88,60,2,30,,0.69-0.98,20.5-28.6,巨灵组-妖精组,雄性 50% / 雌性 50%,芽眼魔进化链,否,否,否
408,障眼魔,眼精灵,小心了！被它们注视一分钟就会浑身起疹子！研究员如是说。遇到它们最明智的做法是缓慢后退，不要发出任何响声，直到缓慢退出它们的领地。,滴眼液-天气为雨天时，使用水系攻击技能时吸血50%。,恶-水,616,134,103,98,96,110,75,3,50,,1.49-1.8,66.5-89.0,巨灵组-妖精组,雄性 50% / 雌性 50%,芽眼魔进化链,否,否,否
409,星云旅者,神秘精灵,没有人知道这个种群从哪里来。它们总是独自出现在山顶或旷野中，对着夜空静坐。有幻系学者推测它们是在接收星云中某种信息，也有洛克认为，它们是很久以前被许愿召唤下来的，只是忘记了回去的路。,与星星同行-攻击时，将敌方所有印记变为相同层数的星陨印记。,翼-幻,572,104,32,129,104,83,120,1,0,,1.85-2.3,58.5-80.0,妖精组-魔力组,雄性 50% / 雌性 50%,星云旅者进化链,否,否,否
410,点点,鼬精灵,它天生看不得任何脏东西，会忍不住吐出小泡泡去擦，但力道和数量都控制不好，经常把别人的窝弄得到处是泡沫，对每一个角落都要检查一遍，被赶走的话会露出十分委屈的表情。,迎宾-自己或其他精灵离场时，更换入场的精灵获得萌化。,萌,449,94,41,84,56,94,80,1,0,,0.41-0.55,2.91-3.89,动物组-妖精组,雄性 50% / 雌性 50%,点点进化链,否,否,否
411,珀尔鼬,鼬精灵,从慌慌张张的小学徒长成了真正的大管家，举手投足都透着从容，泡泡会落在需要清洁的地方，它对自己负责的空间有极强的领地意识，不许其他精灵把打扫好的地方弄乱。,迎宾-自己或其他精灵离场时，更换入场的精灵获得萌化。,萌,559,117,51,105,69,117,100,2,36,,0.71-1.01,10.3-17.1,动物组-妖精组,雄性 50% / 雌性 50%,点点进化链,否,否,否
412,不咕钟,咕咕精灵,曾因机械禁令而被囚禁，胆怯已经刻进了这个种群的本能。遇到危险时它们会加速或减慢表盘指针转动，副作用是局部时间流速短暂错乱。曾有守卫追赶一只不咕钟，自觉只跑了十几秒，抬头发现已经是黄昏。,整点报时-每场战斗1次，回合结束时，若自己累计消耗的能量恰好为12，则回满能量和生命。,机械-幻,430,68,67,68,58,93,76,1,0,,0.23-0.35,1.53-3.04,天空组-机械组,雄性 50% / 雌性 50%,不咕钟进化链,否,否,否
413,溯源钟,报时精灵,飞起来时摇摇晃晃的，翅膀会发出“嘎吱”声，像是旧手工造物，实际拥有少量扭转时间的能量，会边发出“布谷”的声音，能短暂扭曲周围的小范围时间，让追逐者的动作变迟缓。,整点报时-每场战斗1次，回合结束时，若自己累计消耗的能量恰好为12，则回满能量和生命。,机械-幻,538,85,84,86,72,116,95,2,36,时间段18点~次日6点,0.34-0.68,4.07-7.6,天空组-机械组,雄性 50% / 雌性 50%,不咕钟进化链,否,否,否
414,加灵,四叶草精灵,圆滚滚的身体可以吃掉很多可可果也藏着很多神秘的魔法，据说它能实现人心底的愿望，但它自己却不太清楚。喜欢跟在洛克周围转悠，湿漉漉的大眼睛似乎盯着洛克书包里的可可果，又似乎是别的什么东西。,有求必应-使用「选择」技能后，会额外使用1次另一种「选择」效果。使用任意技能后，该技能冷却1回合。,普通-萌,308,39,22,57,50,74,66,1,0,,0.48-0.69,5.8-6.4,,雄性 50% / 雌性 50%,加灵进化链,否,否,否
415,加益,许愿精灵,似乎能分辨愿望的颜色，开心的愿望是香香的粉黄色，难过的愿望是苦苦的紫黑色。它总是涂一些谁都看不懂的线条，不止在纸上涂。曾因为四处涂鸦被保洁阿姨警告过，后诚恳道歉，并在阿姨门前摆放整整十个可可果表达歉意。,有求必应-使用「选择」技能后，会额外使用1次另一种「选择」效果。使用任意技能后，该技能冷却1回合。,普通-萌,410,52,29,75,67,99,88,2,28,累计突破1次,0.57-0.82,8.6-10.2,,雄性 50% / 雌性 50%,加灵进化链,否,否,否
416,加尔,许愿精灵,传说能够实现愿望，其实是每天只会吃东西打瞌睡的小小精灵。偶尔转转悠悠，如果没人看着可能会走去很远的地方，凭借着直觉和本能生活了很久很久。什么是直觉的来源呢？是许愿的声音吗？,有求必应-使用「选择」技能后，会额外使用1次另一种「选择」效果。使用任意技能后，该技能冷却1回合。,普通-萌,551,103,36,94,84,124,110,3,40,累计突破2次 + [萌]血脉,0.71-1.01,19.2-21.5,,雄性 50% / 雌性 50%,加灵进化链,否,否,否
417,黑化加尔,守护精灵,没有人知道它是从哪里出现的，它和加尔共用一具身体。眼珠滴溜溜地转，它聪明又凌厉，曾经严肃指出不是所有可可果它都喜欢，它明确表示不喜欢软的可可果，脆脆的口感才是最好的。,一意孤行-使用「选择」技能后，会额外使用1次相同的「选择」效果。使用任意技能后，该技能冷却1回合。,普通-幽,551,84,35,104,94,124,110,3,40,累计突破2次 + [幽]血脉,0.71-1.01,19.2-21.5,,雄性 50% / 雌性 50%,加灵进化链,是,否,否
418,咬咬小子,仪仗队精灵,古老的童话故事里面写道：如果战胜了一千只鼠精灵，就可以得到咬咬小子家族的认可。咬咬小子们似乎没听过这个故事，它们经常在路口站岗、巡逻，鼠精灵也在他们的保护范围内。,守护之心-双方场上每有1种不同的增益，自己获得物防+20%。,机械,437,102,102,17,48,92,76,1,0,,0.87-1.23,18.7-27.3,,雄性 50% / 雌性 50%,咬咬小子进化链,否,否,是
419,胡桃王子,守护者精灵,胡桃王子喜欢巡逻，巡逻途中偶尔会顺手把迷路的小精灵护送回家，也会挡在受惊的洛克面前。即使没有任何契约关系，胡桃王子们自发地守护着整条街道。,守护之心-双方场上每有1种不同的增益，自己获得物防+20%。,机械,546,128,127,21,60,115,95,2,36,生涯击败[咬咬小子]6只,1.42-1.71,41.5-65.0,,雄性 50% / 雌性 50%,咬咬小子进化链,否,否,是
420,足尖元件,八音盒精灵,古老的童话故事里面写道：有一种被施了魔法的鸟精灵，每个夜晚都必须在月光下起舞，不然家族会遭遇不幸。足尖元件们似乎在轮班排练，动作还稍显稚嫩笨拙，随着旋转发出叮咚叮咚的曲调。,和弦共振-双方场上每有1种不同的印记，自己获得魔攻+50%。,幻-机械,477,91,40,88,62,96,100,1,0,,0.26-0.39,3.1-5.13,,雄性 50% / 雌性 50%,足尖元件进化链,否,否,是
421,离心舞者,芭蕾舞精灵,在月光好的夜晚，成群的离心舞者聚在湖边旋转，远远看去像一场盛大的舞会——目击洛克说，离心舞者的舞蹈能跳出旋律，旋律像一场美梦，梦里讲述着，湖水、月光和一只银白色的鸟。,和弦共振-双方场上每有1种不同的印记，自己获得魔攻+50%。,幻-机械,596,114,50,110,77,120,125,2,36,生涯击败[足尖元件]6只,1.67-2.01,36.7-59.3,,雄性 50% / 雌性 50%,足尖元件进化链,否,否,是
422,蝴蝶陶陶,猫精灵,它们坚信自己是夜晚的国王，项圈是它的王冠。每天日落后就出门巡视领地，把沿途看到的硬币、纽扣、碎玻璃一切闪亮的东西都带回窝里，当作臣民的贡品。,猫精灵的礼物-己方精灵每完整使用1次「选择」技能（「明」和「暗」各1次），自己入场时获得物攻+40%。,萌,309,57,47,8,65,57,75,1,0,,0.58-0.79,4.0-6.13,动物组-拟人组,雄性 50% / 雌性 50%,蝴蝶陶陶进化链,否,否,是
423,铆钉毛毛,猫精灵,自封的国王现在有了配得上野心的武器：锋利的毒爪。它们夜间行动变得更加隐秘和高效，能在对方毫无察觉时把东西拿走，等对方发现时只剩爪印和一点残留的麻痹感。,猫精灵的礼物-己方精灵每完整使用1次「选择」技能（「明」和「暗」各1次），自己入场时获得物攻+40%。,萌-毒,412,76,62,11,87,76,100,2,32,,0.81-1.08,27.5-40.0,动物组-拟人组,雄性 50% / 雌性 50%,蝴蝶陶陶进化链,否,否,是
424,徘徊爪爪,慷慨精灵,某些地区真正的统治者，修长的身影在夜色中几乎无声，它不再需要去偷任何东西，崇拜者主动献上闪亮的礼物。爪爪大人如果遇见认可的洛克，也愿意慷慨地给点赏赐。,猫精灵的礼物-己方精灵每完整使用1次「选择」技能（「明」和「暗」各1次），自己入场时获得物攻+40%。,萌-毒,516,95,78,14,109,95,125,3,50,,1.55-1.71,40.5-67.3,动物组-拟人组,雄性 50% / 雌性 50%,蝴蝶陶陶进化链,否,否,是
425,苞米仔,玉米精灵,体内积蓄着高压的热能，需要经历一次足够猛烈的高温才能进化。田野里偶尔传来的“砰”一声闷响，多半是哪只不走运的精灵踩到了它。村民们在收割季都互相提醒多看脚下，别踩鼓起来的苞米仔。,爆裂玉米-草系技能使敌方获得4层灼烧，火系技能使敌方获得1层寄生。,草-火,487,92,79,80,88,88,60,1,0,,0.51-0.73,8.9-13.0,植物组-拟人组,雄性 50% / 雌性 50%,苞米仔进化链,否,否,是
426,炮米花,爆米花精灵,田野里最吵的精灵，噼里啪啦的爆裂声是它们的开场白，能自行生成高温玉米粒，枪口永远冒着热气。它的信条是：先开枪，再打招呼。打完招呼，再开一枪。,爆裂玉米-草系技能使敌方获得4层灼烧，火系技能使敌方获得1层寄生。,草-火,609,115,99,100,110,110,75,2,32,,1.37-1.59,48.0-71.0,植物组-拟人组,雄性 50% / 雌性 50%,苞米仔进化链,否,否,是
427,十字蝌蚪,蝌蚪精灵,传说它们出生在连光都沉不到的深渊底部，身上有一道还不太清晰的十字纹路，体型很小，这里的水压大到同类精灵根本待不住，但它不觉得苦，每天都在拼命往上游一点点。,王子的诺言-每回合各1次，获得增益时，同时获得全技能能耗-1，获得减益时，同时获得全技能能耗+1。,水,353,68,78,31,63,47,66,1,0,,0.2-0.25,0.35-0.95,两栖组-拟人组,雄性 50% / 雌性 50%,十字蝌蚪进化链,否,否,是
428,十字蛙,青蛙精灵,从深渊底层一层一层地闯上来，会向一切挡路的精灵宣战，不管对方多大。额头的十字纹变得清晰有力，像一枚代表荣耀的徽章刻在身上。,王子的诺言-每回合各1次，获得增益时，同时获得全技能能耗-1，获得减益时，同时获得全技能能耗+1。,水,472,91,104,41,85,63,88,2,24,小雨/大雨天气下,0.38-0.45,1.8-3.13,两栖组-拟人组,雄性 50% / 雌性 50%,十字蝌蚪进化链,否,否,是
429,深渊蛙,王储精灵,它们终于站在阳光下了。身上的十字纹被光照得发亮，那是从深渊底部一直带上来的印记。不再需要向谁证明什么，也不需要任何帮助，它们骨子里的斗志永远不会消失。,王子的诺言-每回合各1次，获得增益时，同时获得全技能能耗-1，获得减益时，同时获得全技能能耗+1。,水-武,588,113,130,51,106,78,110,3,42,,0.87-1.15,6.0-9.05,两栖组-拟人组,雄性 50% / 雌性 50%,十字蝌蚪进化链,否,否,是
430,卡波,纺锤精灵,能够生产出纺线的精灵，纺线主要由卡波体内的蛋白质和唾液构成。卡波的唾液中带有某种未知诅咒，即使是同类触碰到的话也会中毒陷入昏睡。,诅咒-每受到1次技能攻击（不含连击），敌方获得1层暗涌印记。,恶,368,82,86,27,52,41,80,1,0,,0.47-0.67,2.6-3.77,妖精组,雄性 50% / 雌性 50%,卡波进化链,否,否,是
431,卡拉波斯,纺锤精灵,据传说卡拉波斯曾经是一个仙子，因为误会诅咒过一位公主，被诅咒反噬后变为纺锤的模样。一次最多能够拉出7000米纺线。当体内的蛋白质耗尽的时候，它们就不会再进行任何活动陷入长久的昏睡中。,诅咒-每受到1次技能攻击（不含连击），敌方获得1层暗涌印记。,恶,460,103,107,34,65,51,100,2,40,,0.83-1.19,4.9-5.7,妖精组,雄性 50% / 雌性 50%,卡波进化链,否,否,是
432,守夜烛,蜡烛精灵,据说它曾经是城堡里一位小骑士，或者至少它自己是这么认为的。不知道是谁的魔法让它变成了一截蜡烛的模样，但它好像并不太在意，依然坚守骑士的职责，在城堡巡逻，用两只小手护住火焰。,光度换算-携带的火系技能获得选择：使用后失去15%生命，光系技能威力永久+30。,火-光,524,97,76,83,86,98,84,1,0,,0.3-0.49,12.07-18.3,妖精组,雄性 50% / 雌性 50%,守夜烛进化链,否,否,是
433,流明坎德拉,蜡烛精灵,蜡泪在身上层层叠叠凝固成了铠甲的形状，火焰也不再随时会灭，而是稳定明亮的光柱，足以照亮整条长廊。作为蜡烛精灵，它们能在最黑的夜里给出最亮的光，这让它们非常满足。,光度换算-携带的火系技能获得选择：使用后失去15%生命，光系技能威力永久+30。,火-光,657,121,96,104,108,123,105,2,36,时间段18点~次日6点,1.19-1.51,58.6-74.9,妖精组,雄性 50% / 雌性 50%,守夜烛进化链,否,否,是
434,蜜果骸,苹果精灵,“洛克洛克，告诉我， 谁是林中最甜的果？” “是你，是你，比蜜更甜，比血更红， 比玛丽女王手心的那颗还要圆”。 “那为什么没洛克来摘我？” “别急，别急，会有风来摘。”,长久保存制法-自己的聚能获得选择：偷取敌方3能量。,幽-草,463,92,34,96,68,85,88,1,0,,0.35-0.44,0.21-0.89,妖精组-植物组,雄性 50% / 雌性 50%,蜜果骸进化链,否,否,是
435,半朽蜜果灵,苹果精灵,“洛克洛克，告诉我， 我还甜吗？” “比从前更甜，比糖更黏。” “那我还圆吗？” “比从前更圆，比月更满。” “洛克洛克，告诉我， 腐朽的果还有人摘吗？”,长久保存制法-自己的聚能获得选择：偷取敌方3能量。,幽-草,578,115,43,120,84,106,110,2,36,任选可可果树/无花果树/魔力果树中的一种累计交互3次,0.56-0.78,1.06-2.09,妖精组-植物组,雄性 50% / 雌性 50%,蜜果骸进化链,否,否,是
436,稻草人,稻草精灵,原本只是农场里普通的稻草人，因为被洛克们日复一日地打招呼、聊天、玩猜拳，某天清晨它动了动指头，发现自己可以从木架上走下来。最喜欢猜拳，因为这是它学会的第一件事。,守望者-自己防御应对成功时，敌方获得萌化。,萌-武,457,93,70,70,90,90,44,1,0,,0.74-1.05,18.1-39.6,妖精组,雄性 50% / 雌性 50%,稻草人进化链,否,否,是
437,稻草守护者,稻草精灵,在被洛克们陪伴了足够久之后，“想要保护这里”的心情终于强大到改变了它的身体。稻草变得紧实如肌肉，布裹的拳头沉重有力，现在没有任何飞禽敢靠近它守护的农场，但对洛克们，它永远温柔。据说猜拳会故意输给洛克。,守望者-自己防御应对成功时，敌方获得萌化。,萌-武,571,116,88,88,112,112,55,2,40,累计击败3只翼系精灵,1.47-1.81,63.9-85.0,妖精组,雄性 50% / 雌性 50%,稻草人进化链,否,否,是
438,栗鼠,烤栗精灵,身体会散发烤栗子一样的香甜气味，同行的另一名研究员舔过之后中毒几日没有好转。有洛克曾研究过不同天气和环境里其粘液的味道变化，立志写出《栗鼠粘液美味大全》。,扎手-每受到1次技能攻击（不含连击），敌方获得1层棘刺印记。,毒-普通,446,91,61,63,62,89,80,1,0,,0.38-0.51,5.75-7.6,动物组,雄性 50% / 雌性 50%,栗鼠进化链,否,否,是
439,壳栗丝鼠,栗鼠精灵,会嗅来嗅去寻找花蜜，吃的花蜜越多，鼻子分泌的粘液越香甜，并且带着花香的味道。会用鼻子把身上的毒刺都涂满香甜粘液。毛毛舔过它们却不会中毒，真奇怪。,扎手-每受到1次技能攻击（不含连击），敌方获得1层棘刺印记。,毒-普通,558,114,77,79,77,111,100,2,32,,0.67-0.71,19.01-28.3,动物组,雄性 50% / 雌性 50%,栗鼠进化链,否,否,是
440,睡铃雪影娃娃,困困精灵,天气暖和的时候，不由自主地犯困，常常在睡铃丛生的区域睡觉，柔软的绒毛吸附了睡铃的香气。入夜后香气越发浓郁，常常看到它身边也围着一圈睡得很沉的精灵。,安眠-王国入夜后，进入战斗时获得全技能能耗+2，回合结束时自己回复5%生命和1能量。,冰-草,563,116,42,104,85,116,100,1,0,,0.71-0.89,41.0-55.0,,雌性 100%,睡铃雪影娃娃进化链,否,否,否
441,宝藏小狐,藏狐精灵,宝藏小狐是一种从容的精灵，即使被其他精灵咬到，也可以保持冷静。它大大的眼睛中，蕴含着深邃的平静。,博物-在场时，识破精灵的变化效果，解除其伪装。,普通,443,77,81,33,99,73,80,1,0,,0.43-0.69,3.39-4.75,动物组,雄性 50% / 雌性 50%,宝藏小狐进化链,否,否,否
442,宝藏沙狐,藏狐精灵,只有看到虫系精灵的时候会双眼放光，经常出现在虫群附近，爪子摩挲着没见过的虫，嘴巴里嘟嘟囔囔说着什么。实习研究员遇到不认识的虫都会去给它看看。直到学院反复重申：野外考察作业务必独立完成。,博物-在场时，识破精灵的变化效果，解除其伪装。,普通,553,96,101,41,124,91,100,2,33,,1.33-1.67,36.7-67.9,动物组,雄性 50% / 雌性 50%,宝藏小狐进化链,否,否,否
